height,weight,earn,earnk,ethnicity,education,mother_education,father_education,walk,exercise,smokenow,tense,angry,age,sex
74,210,50000,50,White,16,16,16,3,3,no,0,0,45,male
66,125,60000,60,White,16,16,16,6,5,yes,0,0,58,female
64,126,30000,30,White,16,16,16,8,1,no,1,1,29,female
65,200,25000,25,White,17,17,NA,8,1,no,0,0,57,female
63,110,50000,50,Other,16,16,16,5,6,no,0,0,91,female
68,165,62000,62,Black,18,18,18,1,1,no,2,2,54,female
63,190,51000,51,White,17,17,17,3,1,no,4,4,39,female
64,125,9000,9,White,15,15,15,7,4,yes,4,4,26,female
62,200,29000,29,White,12,12,12,2,2,no,0,0,49,female
73,230,32000,32,White,17,17,17,7,1,yes,0,0,46,male
72,176,2000,2,Hispanic,15,15,15,8,1,no,0,0,21,male
72,265,35000,35,White,NA,NA,NA,1,1,no,0,0,53,male
72,160,27000,27,White,12,12,12,1,2,no,1,1,26,male
70,225,6530,6.53,White,16,16,NA,4,1,no,0,0,65,male
63,107,0,0,White,14,14,14,7,4,no,2,2,50,female
68,170,30000,30,White,11,NA,NA,7,4,no,0,0,34,male
68,144,12000,12,White,12,12,12,6,5,no,2,2,27,male
71,193,15000,15,White,18,18,18,4,6,no,0,0,51,male
65,250,12000,12,White,12,12,12,5,1,no,1,1,51,female
66,130,20000,20,White,11,11,11,8,1,yes,0,0,45,female
60,100,0,0,White,12,12,12,4,2,yes,7,7,27,female
65,123,25000,25,White,12,12,12,1,4,yes,0,0,41,female
66,130,22000,22,White,16,16,16,5,1,no,1,1,35,female
65,120,25000,25,White,16,16,16,5,4,no,1,1,29,female
71,160,20000,20,White,14,14,14,7,4,no,0,0,22,male
68,172,17000,17,White,12,12,12,8,1,no,0,0,58,male
68,135,40000,40,White,14,14,14,8,7,no,1,1,29,female
70,180,44000,44,White,13,13,13,8,2,no,4,4,44,male
67,112,0,0,White,9,9,9,1,1,yes,0,0,21,female
64,240,7000,7,Black,12,12,12,8,1,no,4,4,55,female
73,190,53000,53,Black,13,13,13,6,7,no,2,2,35,male
64,145,5000,5,Black,12,NA,NA,3,1,yes,7,7,23,female
62,120,5000,5,White,13,13,13,2,1,yes,0,0,51,female
63,114,14000,14,White,14,14,14,5,3,no,0,0,21,female
69,170,45000,45,White,14,14,14,8,7,no,1,1,36,male
67,166,5500,5.5,White,14,14,14,6,7,no,0,0,22,male
66,124,40000,40,White,12,12,12,4,4,no,0,0,41,female
72,175,34000,34,White,12,12,NA,2,1,no,0,0,45,male
63,120,5000,5,Black,12,12,12,4,1,yes,7,7,23,female
63,184,10000,10,Black,12,12,12,8,3,no,3,3,35,female
68,150,0,0,White,11,11,NA,2,7,yes,1,1,21,male
64,150,27000,27,White,16,16,16,2,1,yes,0,0,60,female
73,220,62000,62,White,14,14,NA,8,1,no,2,2,44,male
67,220,15000,15,White,12,12,12,1,1,no,0,0,69,female
60,NA,0,0,White,12,12,12,8,1,no,0,0,44,female
72,180,50000,50,White,16,16,16,5,6,no,1,1,38,male
68,158,0,0,White,12,NA,NA,3,1,no,0,0,55,female
77,255,41000,41,White,16,16,16,7,7,no,0,0,33,male
64,150,0,0,White,10,10,10,8,1,no,0,0,19,female
64,130,15000,15,White,14,14,14,4,1,no,3,3,25,female
64,NA,25000,25,White,12,12,12,1,5,no,7,7,33,female
63,146,25000,25,White,16,16,16,5,1,no,1,1,72,female
72,185,75000,75,White,17,17,17,8,5,no,4,4,39,male
68,180,27000,27,White,17,17,17,5,2,no,0,0,31,male
64,135,12000,12,White,12,12,12,8,1,no,7,7,26,female
70,168,40000,40,White,12,12,12,7,3,no,0,0,51,male
61,138,7500,7.5,White,14,14,14,8,1,yes,0,0,78,female
65,115,25000,25,White,12,12,12,7,2,yes,0,0,46,female
67,135,30000,30,Black,14,14,14,8,6,no,7,7,31,female
65,150,21000,21,White,12,12,12,8,1,yes,0,0,57,female
64,120,27000,27,White,14,14,14,5,1,no,0,0,26,female
73,165,45000,45,White,16,16,16,7,2,yes,0,0,44,male
67,130,3000,3,White,15,15,15,1,1,no,1,1,65,female
65,170,25000,25,White,12,12,12,8,7,no,2,2,30,female
65,140,24000,24,White,12,12,12,1,7,no,1,1,41,female
67,145,32000,32,White,18,18,18,4,5,yes,1,1,29,female
68,145,10000,10,White,17,17,17,7,2,no,1,1,30,female
70,150,0,0,White,12,12,12,5,1,no,0,0,57,female
60,100,11000,11,Hispanic,12,12,12,2,1,no,0,0,21,female
65,105,18700,18.7,White,13,13,13,5,6,no,0,0,32,female
62,120,20000,20,White,12,12,12,2,1,yes,7,7,29,female
72,160,3500,3.5,White,10,10,10,4,7,no,0,0,18,male
67,206,13000,13,Black,8,8,8,8,1,no,5,5,56,male
70,170,25000,25,White,12,12,12,1,1,no,0,0,65,male
70,183,21000,21,White,17,17,17,5,5,no,0,0,41,male
68,150,34000,34,White,17,17,17,5,5,no,2,2,49,female
66,115,5000,5,Black,12,12,12,7,4,no,1,1,23,female
60,120,6000,6,White,12,12,12,1,1,yes,0,0,65,female
71,195,17000,17,White,12,12,12,8,7,yes,1,1,28,male
71,140,35000,35,White,12,NA,NA,1,2,yes,0,0,32,male
73,180,4000,4,White,13,13,13,6,6,no,0,0,18,male
64,115,5000,5,White,16,16,16,8,6,no,1,1,22,female
68,150,14000,14,White,14,14,14,4,1,no,0,0,55,female
66,118,10000,10,White,12,12,12,8,1,no,0,0,57,female
69,155,25000,25,White,16,16,16,2,6,no,4,4,29,male
63,126,0,0,White,8,NA,8,1,1,yes,0,0,63,female
70,130,87000,87,White,18,18,18,1,1,no,0,0,60,male
63,130,16000,16,White,14,14,14,4,6,no,0,0,27,female
66,123,0,0,Black,13,13,13,8,3,no,1,1,30,female
66,110,15000,15,White,12,12,12,5,2,no,2,2,33,female
64,200,0,0,White,12,NA,NA,4,1,no,3,3,26,female
62,130,16000,16,Hispanic,14,14,NA,1,1,no,0,0,28,male
66,190,25000,25,White,18,18,18,8,2,no,0,0,67,female
64,116,16500,16.5,White,14,14,14,8,7,no,5,5,43,female
68,170,15000,15,White,12,12,12,3,7,yes,0,0,73,male
64,190,4000,4,White,9,9,NA,2,1,no,0,0,68,female
67,342,3840,3.84,White,9,9,NA,5,1,no,0,0,52,female
60,90,5000,5,White,6,NA,NA,1,1,no,0,0,78,female
71,200,22000,22,White,12,12,12,1,6,no,0,0,39,male
60,135,200,0.2,White,16,16,16,8,1,no,3,3,53,female
66,140,26000,26,White,16,16,16,2,5,no,3,3,27,female
66,120,2500,2.5,White,15,15,15,1,1,no,2,2,21,female
65,125,17000,17,White,14,14,14,1,1,no,0,0,39,female
63,112,25000,25,White,16,16,16,4,5,no,0,0,35,female
70,130,8000,8,White,13,13,13,8,7,no,1,1,22,female
68,215,25000,25,White,12,NA,12,1,3,no,0,0,31,male
65,98,0,0,White,13,13,13,7,1,no,0,0,63,female
66,138,12000,12,White,13,13,13,4,1,yes,0,0,68,female
62,123,10000,10,White,12,12,12,8,6,yes,0,0,47,female
60,105,5000,5,White,8,8,8,7,1,no,0,0,77,female
76,220,100000,100,White,16,16,16,3,6,no,0,0,51,male
66,140,10000,10,White,15,15,15,8,1,yes,2,2,67,female
64,173,0,0,White,14,14,14,4,1,yes,0,0,38,female
72,185,15000,15,White,12,12,12,8,2,no,0,0,39,male
66,190,45000,45,Other,12,12,12,8,6,no,0,0,43,female
69,190,15000,15,Black,11,NA,NA,4,4,no,0,0,73,male
67,115,2400,2.4,Hispanic,8,8,8,8,4,yes,1,1,39,female
68,150,30000,30,Hispanic,12,12,12,4,6,no,2,2,32,male
70,150,30000,30,White,12,12,12,5,6,no,1,1,33,male
62,125,10000,10,White,12,12,12,6,4,no,5,5,38,female
63,137,5000,5,White,13,13,13,7,2,yes,0,0,26,female
66,125,12000,12,White,13,13,13,1,1,no,5,5,63,female
70,80,20000,20,White,10,10,10,2,1,no,0,0,61,female
68,160,20000,20,White,12,12,12,3,1,no,1,1,36,female
70,160,20000,20,White,14,14,14,8,7,no,0,0,23,male
65,125,25000,25,White,18,18,18,8,7,no,1,1,57,female
68,110,5000,5,White,8,NA,NA,1,4,no,0,0,82,female
66,133,0,0,White,12,12,12,3,1,no,4,4,59,female
71,180,25000,25,White,18,18,18,8,1,no,0,0,76,male
66,135,1200,1.2,White,12,12,12,7,7,no,2,2,20,female
62,130,5000,5,White,12,12,NA,6,4,no,0,0,69,female
68,120,700,0.7,White,16,16,16,4,5,no,0,0,32,female
70,150,20000,20,White,16,16,16,1,4,yes,0,0,27,male
61,110,10000,10,Hispanic,12,12,12,8,6,yes,0,0,22,female
63,128,30000,30,White,12,12,12,7,7,no,0,0,73,female
72,185,25000,25,Hispanic,8,NA,NA,8,1,no,0,0,63,male
64,200,40000,40,White,14,14,NA,8,7,no,0,0,56,female
67,155,25000,25,White,12,NA,NA,8,7,no,0,0,89,male
66,135,45000,45,White,18,18,18,5,2,no,0,0,65,female
61,130,10000,10,White,17,17,17,7,1,no,0,0,79,female
69,132,60000,60,White,18,18,18,8,1,no,0,0,63,female
62,103,45000,45,White,12,12,12,8,1,no,0,0,56,female
64,150,0,0,White,12,NA,NA,4,7,no,3,3,21,female
68,130,18000,18,White,12,12,12,7,1,yes,0,0,66,female
60,128,15000,15,White,12,NA,NA,4,5,no,5,5,74,female
71,155,50000,50,White,18,18,18,8,3,no,1,1,42,male
64,155,16040,16.04,White,12,NA,NA,8,1,no,3,3,33,female
67,140,15000,15,Black,14,14,14,8,1,yes,7,7,30,female
69,160,10000,10,White,17,17,NA,1,7,no,2,2,23,male
67,185,33000,33,White,13,13,13,2,1,no,0,0,43,female
68,130,18000,18,White,12,12,12,7,7,no,0,0,30,female
63,105,15000,15,White,12,12,12,7,1,no,7,7,37,female
71,145,21000,21,White,12,NA,12,4,7,no,0,0,22,male
64,124,21000,21,Black,17,17,17,3,1,no,0,0,43,female
68,170,37000,37,White,11,11,11,4,4,no,2,2,37,male
68,126,38000,38,White,17,17,17,7,6,no,2,2,44,female
66,142,17000,17,Hispanic,14,14,14,4,4,yes,0,0,43,female
66,130,0,0,White,12,12,12,4,3,yes,2,2,29,female
66,130,0,0,Other,16,16,16,8,2,no,0,0,32,female
60,100,15000,15,White,16,16,16,1,1,no,1,1,91,female
77,210,32000,32,White,16,16,16,1,7,no,1,1,30,male
67,160,27500,27.5,White,12,12,12,4,1,no,0,0,58,female
66,140,15000,15,White,12,NA,NA,8,1,yes,0,0,76,male
62,120,16500,16.5,White,12,12,12,8,1,yes,3,3,44,female
64,118,0,0,White,17,17,17,8,6,no,5,5,30,female
72,175,0,0,White,12,12,12,7,1,no,2,2,51,female
67,150,25000,25,White,18,18,18,7,5,no,1,1,35,female
61,116,27000,27,White,18,18,18,4,7,no,2,2,43,female
64,220,5000,5,White,12,NA,12,5,1,yes,7,7,28,female
62,125,70000,70,White,16,16,16,8,1,no,0,0,38,female
63,150,5000,5,White,12,12,12,4,5,no,2,2,40,female
68,135,5000,5,White,16,16,16,1,4,no,1,1,24,male
69,158,62000,62,Other,18,18,18,4,1,no,1,1,30,male
64,160,15000,15,Black,12,12,12,8,1,yes,0,0,59,female
64,158,20000,20,White,15,15,15,8,4,yes,0,0,26,female
72,185,4000,4,White,15,15,15,4,5,yes,2,2,21,male
72,172,75000,75,White,12,12,12,7,6,no,0,0,39,male
64,130,60000,60,White,16,16,16,5,1,no,2,2,35,female
61,150,5000,5,White,13,13,13,8,1,no,7,7,31,female
74,230,30000,30,White,12,12,12,7,4,yes,3,3,38,male
70,165,70000,70,White,14,14,14,5,4,yes,2,2,35,male
64,115,5000,5,White,16,16,16,8,1,no,0,0,60,female
71,195,50000,50,White,16,16,16,8,4,yes,0,0,41,male
63,120,44000,44,White,12,12,12,8,6,yes,0,0,39,female
73,215,40000,40,White,18,18,18,4,4,yes,0,0,40,male
64,133,30000,30,White,14,14,14,4,7,no,2,2,43,female
73,200,15000,15,Black,14,14,NA,8,7,no,2,2,24,male
63,150,35000,35,White,15,15,15,6,1,no,0,0,31,female
62,130,0,0,White,16,16,16,5,1,no,6,6,32,female
62,140,10000,10,White,16,16,16,3,1,no,7,7,40,female
70,170,23000,23,White,17,17,17,6,3,no,5,5,42,female
62,115,0,0,White,12,12,12,1,1,no,7,7,39,female
71,175,45000,45,White,17,17,17,6,1,no,0,0,62,male
71,170,15000,15,White,14,14,14,8,6,yes,0,0,31,male
70,169,4000,4,White,14,14,14,8,1,no,0,0,71,female
67,160,17000,17,White,14,14,14,1,6,no,0,0,31,male
64,130,30000,30,White,12,12,12,6,4,no,3,3,32,female
67,112,27500,27.5,White,12,12,12,3,3,yes,1,1,30,female
62,140,5688,5.688,White,8,8,NA,6,1,no,3,3,69,female
62,137,18000,18,Hispanic,13,13,13,6,1,no,0,0,56,female
67,170,35000,35,White,14,14,14,6,7,no,3,3,36,male
66,160,45000,45,White,17,17,17,8,1,no,0,0,32,female
68,185,43000,43,Black,13,13,13,7,1,no,7,7,44,male
62,140,32000,32,Black,14,14,14,6,2,no,1,1,44,female
62,118,25000,25,Black,12,12,NA,7,7,no,0,0,20,female
66,148,0,0,Black,5,5,NA,6,1,no,1,1,51,female
68,165,10000,10,Black,18,18,18,3,2,no,4,4,56,female
65,130,50000,50,Hispanic,12,12,12,8,1,no,1,1,38,female
74,160,15000,15,White,12,12,12,2,5,yes,3,3,20,male
74,185,60000,60,White,13,13,13,8,3,yes,0,0,45,male
71,175,30000,30,White,15,15,15,1,1,no,0,0,23,male
68,150,21000,21,Other,12,12,12,8,4,no,5,5,50,female
62,110,2400,2.4,White,16,16,16,3,4,no,7,7,22,female
68,240,5000,5,White,10,10,10,8,7,yes,0,0,50,female
62,150,35000,35,Black,15,15,15,2,1,no,2,2,42,female
66,136,1000,1,White,15,15,15,5,7,no,0,0,28,female
68,170,27000,27,White,12,12,12,8,1,yes,3,3,27,male
60,115,6600,6.6,Hispanic,14,14,14,8,6,yes,2,2,28,female
68,164,16000,16,White,8,8,8,4,1,no,2,2,43,male
72,185,90000,90,White,12,12,12,8,7,no,6,6,26,male
66,185,8000,8,White,12,12,NA,5,2,yes,0,0,42,female
68,150,20000,20,White,10,NA,NA,1,1,no,0,0,32,male
68,130,15000,15,White,12,12,12,6,7,yes,5,5,18,female
69,180,12000,12,White,12,12,12,8,1,no,0,0,60,female
63,170,25000,25,White,9,9,NA,8,2,no,2,2,67,female
64,128,24000,24,White,16,16,16,7,3,no,0,0,46,female
65,175,20000,20,White,14,14,14,8,3,no,0,0,39,female
61,128,19000,19,White,12,12,12,8,1,no,0,0,46,female
71,180,25000,25,White,8,NA,8,3,1,yes,0,0,53,male
72,172,10000,10,White,12,12,12,8,1,no,0,0,49,male
66,125,40000,40,White,16,16,16,8,1,yes,1,1,34,female
69,175,62000,62,Black,8,NA,NA,1,1,no,0,0,35,male
63,105,25000,25,Black,13,13,13,7,6,no,3,3,38,female
62,NA,0,0,White,10,10,NA,8,1,yes,6,6,57,female
60,145,0,0,Hispanic,10,10,NA,8,1,no,0,0,48,female
62,138,10000,10,White,8,NA,NA,2,1,no,0,0,88,female
68,160,25000,25,White,14,14,14,8,1,no,0,0,64,male
70,150,25000,25,White,12,12,NA,4,6,no,0,0,24,male
71,165,25000,25,White,14,14,14,4,5,yes,0,0,32,male
71,209,19000,19,White,16,16,16,8,4,no,4,4,61,male
68,210,44000,44,White,16,16,16,4,4,no,2,2,48,male
66,145,0,0,White,12,12,12,8,6,no,0,0,19,female
63,140,0,0,White,18,18,18,8,1,yes,0,0,55,female
60,105,15000,15,White,14,14,14,8,2,yes,0,0,49,female
63,137,17000,17,White,12,12,NA,5,1,no,5,5,36,female
68,150,24000,24,White,12,12,12,1,1,no,0,0,56,male
70,150,50000,50,White,16,16,16,8,6,no,0,0,38,male
64,170,23000,23,White,12,12,12,8,1,no,7,7,37,female
70,143,13000,13,White,12,12,12,8,7,no,0,0,74,male
66,178,20000,20,Black,NA,NA,NA,8,1,no,0,0,72,female
66,NA,45000,45,White,12,12,12,4,7,yes,7,7,49,female
68,180,65000,65,White,16,16,16,1,6,no,1,1,46,male
61,135,7000,7,White,12,12,NA,4,1,no,3,3,63,female
68,180,40000,40,White,18,18,18,8,2,no,0,0,63,male
66,145,15000,15,White,17,17,17,7,1,no,3,3,43,female
70,164,20000,20,White,16,16,16,5,5,no,0,0,25,male
68,150,25000,25,White,6,NA,NA,1,1,yes,0,0,77,male
71,175,20000,20,White,12,12,12,8,2,no,7,7,50,male
63,175,5000,5,White,9,NA,9,2,1,no,0,0,67,male
65,195,20000,20,White,12,12,12,8,1,no,0,0,42,female
66,150,25000,25,White,12,12,12,3,1,no,0,0,49,female
64,110,15000,15,White,14,14,14,8,6,no,0,0,20,female
70,195,49000,49,White,13,13,13,7,7,yes,0,0,37,male
70,165,25000,25,White,8,8,8,8,7,yes,0,0,24,male
64,102,0,0,White,12,NA,12,3,1,no,3,3,36,female
63,150,0,0,White,16,16,16,6,4,no,7,7,35,female
62,158,25000,25,White,12,12,12,5,1,no,0,0,65,female
65,160,30000,30,White,12,12,12,5,1,no,0,0,67,female
66,142,25000,25,White,12,12,12,8,1,no,1,1,62,female
60,125,35000,35,White,16,16,16,8,1,no,0,0,72,female
66,128,11000,11,White,14,14,14,7,1,no,0,0,57,female
61,160,16000,16,White,15,15,15,3,7,no,1,1,38,female
72,145,35000,35,White,14,14,14,1,7,no,2,2,43,male
74,240,125000,125,White,18,18,18,4,1,no,7,7,45,male
67,185,23000,23,White,12,12,12,3,1,yes,2,2,47,female
66,170,17000,17,White,16,16,16,1,1,no,1,1,28,female
62,125,0,0,White,13,13,13,2,2,yes,7,7,31,female
62,115,27000,27,White,12,12,12,2,1,no,3,3,41,female
72,180,70000,70,White,14,14,14,8,7,no,0,0,32,male
65,170,35000,35,White,15,15,15,8,1,no,0,0,47,female
60,150,10000,10,White,12,12,12,1,1,yes,3,3,62,female
64,107,15000,15,White,13,NA,13,8,4,yes,4,4,30,female
62,135,35000,35,White,15,15,15,6,6,no,0,0,39,female
66,130,15000,15,White,12,12,12,8,5,no,1,1,38,female
64,250,12000,12,White,12,12,12,7,6,no,0,0,39,female
71,135,8000,8,White,12,NA,NA,1,1,yes,0,0,68,male
65,130,8000,8,White,12,12,12,7,1,yes,0,0,50,female
73,225,35000,35,White,18,18,18,5,2,no,0,0,50,male
69,175,45000,45,White,11,NA,NA,8,1,yes,0,0,51,male
64,175,0,0,White,12,12,12,8,7,no,0,0,58,female
64,118,5000,5,White,12,12,12,7,7,no,4,4,27,female
64,123,15000,15,White,14,14,14,4,2,no,0,0,22,female
61,136,15000,15,White,12,12,12,6,1,no,3,3,77,female
67,240,24000,24,White,18,18,18,7,2,no,3,3,51,female
62,189,25000,25,White,13,13,13,5,1,yes,5,5,32,female
63,165,25000,25,Black,14,14,14,4,2,no,0,0,54,female
67,105,20000,20,Other,10,10,NA,1,1,yes,0,0,28,male
68,140,24000,24,White,12,12,12,8,4,no,0,0,24,female
72,165,44000,44,White,16,16,16,8,4,no,1,1,46,male
70,187,69000,69,White,12,12,12,7,1,yes,0,0,38,male
70,188,62000,62,White,18,18,18,8,4,no,0,0,44,male
60,145,25000,25,Black,15,15,15,2,1,no,1,1,65,female
67,170,32000,32,Black,14,14,14,6,6,no,0,0,32,male
63,125,20000,20,Black,12,12,12,8,1,yes,0,0,33,female
66,112,32000,32,Other,18,18,18,5,2,no,0,0,35,female
66,135,25000,25,White,17,17,17,8,5,no,1,1,50,female
71,185,170000,170,White,18,18,18,5,4,no,0,0,45,male
66,185,0,0,Black,11,11,11,8,5,no,2,2,29,female
67,170,35000,35,White,16,16,16,1,7,no,0,0,33,male
76,194,40000,40,Black,16,16,16,5,6,no,1,1,38,male
69,155,33000,33,White,14,14,14,5,7,no,3,3,30,male
65,145,18000,18,White,12,12,12,2,3,no,0,0,22,female
62,120,30000,30,White,13,13,13,2,1,yes,1,1,43,female
62,112,26000,26,White,12,12,12,2,1,yes,7,7,31,female
62,120,5000,5,White,12,12,12,2,2,yes,4,4,21,female
69,163,5000,5,White,12,12,12,2,1,yes,7,7,18,female
62,130,20000,20,White,16,16,16,8,1,no,0,0,73,female
61,105,17000,17,White,12,12,12,5,6,yes,0,0,30,female
65,138,32000,32,White,14,14,14,2,1,yes,2,2,28,female
72,170,15000,15,White,14,14,14,7,6,no,0,0,22,male
66,120,0,0,White,17,17,17,8,6,no,3,3,41,female
72,248,50000,50,White,14,14,14,8,1,no,0,0,55,male
64,138,8000,8,White,12,NA,NA,3,2,no,2,2,39,female
71,190,40000,40,White,14,14,14,8,3,no,0,0,51,male
72,185,40000,40,White,15,15,15,8,6,no,3,3,41,male
66,130,32750,32.75,White,12,12,NA,7,5,yes,0,0,34,male
68,170,5000,5,White,12,12,12,8,3,yes,5,5,20,male
65,185,20000,20,White,14,14,14,3,1,no,0,0,69,female
65,128,36000,36,Black,15,15,15,8,7,no,0,0,39,female
62,170,6000,6,White,12,NA,NA,3,7,no,0,0,64,female
66,160,12000,12,Hispanic,14,14,14,7,7,no,2,2,34,female
67,150,60000,60,White,14,14,14,8,7,no,0,0,63,male
64,135,40000,40,White,13,13,13,8,2,yes,0,0,44,female
74,185,5000,5,Hispanic,13,13,13,5,7,no,0,0,19,male
63,117,43000,43,White,12,12,12,5,6,no,0,0,38,female
67,150,45000,45,White,16,16,16,8,1,no,3,3,34,female
68,190,6000,6,White,18,18,18,3,1,no,5,5,39,female
64,154,8000,8,Other,10,NA,10,7,1,no,0,0,82,female
64,170,20000,20,Black,13,13,13,8,1,no,5,5,39,female
66,165,17000,17,Black,12,12,12,8,6,no,0,0,23,male
65,112,2000,2,White,12,NA,NA,6,1,yes,7,7,32,female
65,180,65000,65,White,12,12,12,8,3,no,0,0,28,male
72,180,50000,50,White,12,12,12,4,4,no,1,1,41,male
68,128,0,0,White,11,11,11,6,5,yes,1,1,54,female
63,170,0,0,White,11,11,11,5,3,no,0,0,29,female
70,220,15000,15,White,13,NA,NA,1,1,no,0,0,21,male
68,140,11000,11,White,12,12,12,8,1,no,1,1,38,female
74,190,35000,35,White,18,18,18,5,7,no,0,0,30,male
63,185,27000,27,White,12,12,12,1,2,no,1,1,33,male
64,135,3500,3.5,White,12,12,12,8,1,no,0,0,61,female
65,132,15000,15,White,7,7,7,1,1,yes,0,0,77,female
68,180,42000,42,White,12,12,12,8,4,yes,2,2,37,male
61,200,15000,15,White,12,12,NA,5,1,no,0,0,61,female
67,130,20000,20,White,18,18,18,3,3,no,0,0,29,female
67,125,15000,15,White,12,12,12,8,1,yes,3,3,29,female
73,207,10000,10,White,12,12,12,2,7,no,1,1,21,male
62,105,0,0,White,12,NA,NA,1,1,yes,2,2,48,female
70,176,6000,6,White,8,8,8,8,7,no,0,0,78,male
71,200,25000,25,White,12,NA,NA,5,1,no,2,2,80,male
65,200,17000,17,Hispanic,16,NA,NA,8,1,no,3,3,23,female
69,148,35000,35,Hispanic,16,16,16,8,1,no,0,0,65,male
77,203,28000,28,White,14,14,14,8,7,no,0,0,28,male
68,165,15000,15,White,12,NA,NA,6,3,yes,1,1,33,female
62,110,20000,20,White,17,17,17,6,1,yes,0,0,24,female
64,128,20000,20,White,12,12,12,4,1,no,3,3,29,female
67,150,10500,10.5,Hispanic,12,12,NA,7,4,no,1,1,42,male
70,165,13000,13,White,16,16,16,7,7,no,2,2,22,male
62,123,10000,10,White,12,12,12,1,4,no,7,7,52,female
63,170,3000,3,White,12,12,NA,8,3,no,5,5,37,female
62,116,24000,24,White,14,14,14,1,4,yes,7,7,29,female
63,117,0,0,White,17,17,17,1,1,no,4,4,41,female
69,160,17000,17,White,13,13,13,1,1,yes,7,7,35,female
64,122,11000,11,White,12,12,NA,1,1,yes,0,0,48,female
64,154,0,0,White,14,14,14,6,1,no,7,7,37,female
69,185,32000,32,White,14,14,14,1,4,yes,4,4,40,female
59,95,17000,17,White,15,15,15,2,1,no,5,5,26,female
61,115,15000,15,White,16,16,16,5,6,no,0,0,47,female
60,125,25000,25,White,12,12,12,4,1,no,0,0,75,female
72,225,136500,136.5,White,12,12,12,4,4,no,0,0,49,male
66,NA,3000,3,Other,12,12,NA,7,7,no,7,7,35,female
63,160,15000,15,White,8,NA,NA,8,6,no,0,0,60,female
65,150,0,0,White,12,12,12,1,1,yes,0,0,41,female
70,200,25000,25,White,18,18,18,8,1,no,1,1,58,male
72,250,5000,5,White,14,14,14,2,1,no,0,0,48,male
62,125,2100,2.1,Black,12,12,12,6,1,yes,6,6,21,female
70,148,15000,15,Black,10,10,10,8,1,yes,0,0,82,male
60,120,15000,15,White,13,NA,13,8,1,no,0,0,76,female
66,140,15000,15,Black,12,12,12,2,1,no,3,3,29,female
64,160,15000,15,Hispanic,12,12,12,8,6,yes,0,0,34,male
71,180,15000,15,White,16,16,16,2,6,no,2,2,23,male
73,250,5000,5,Black,12,12,12,7,5,yes,0,0,27,male
75,180,3192,3.192,Black,11,11,11,8,7,yes,0,0,34,male
62,110,15000,15,Other,12,12,12,6,1,no,0,0,25,female
63,123,17000,17,White,17,17,17,5,5,no,1,1,26,female
65,150,30000,30,White,13,13,13,7,7,no,7,7,28,female
70,135,15000,15,White,12,12,12,1,1,no,0,0,32,male
64,110,5000,5,White,16,16,16,7,6,no,0,0,26,female
68,170,24000,24,White,16,16,16,6,4,no,1,1,42,female
65,154,10000,10,White,14,14,14,8,1,no,0,0,67,female
69,150,50000,50,White,8,8,8,2,7,yes,0,0,53,male
64,170,15000,15,White,11,NA,NA,1,1,no,0,0,77,female
72,168,50000,50,White,16,16,16,3,2,no,0,0,53,male
69,160,136500,136.5,White,12,12,12,8,2,yes,0,0,38,male
64,150,20000,20,White,17,17,17,4,2,no,0,0,49,female
63,108,30000,30,Hispanic,18,18,18,7,2,no,0,0,54,female
68,122,5000,5,White,18,18,18,2,1,no,2,2,41,female
64,135,0,0,White,12,12,12,1,1,yes,1,1,63,female
66,130,0,0,White,10,10,10,6,1,no,0,0,48,female
70,165,25000,25,White,12,12,12,1,1,no,0,0,37,male
63,134,0,0,White,5,NA,5,7,1,no,0,0,58,female
73,180,22000,22,White,14,14,14,5,1,no,0,0,45,female
75,200,27000,27,White,12,12,12,1,7,no,0,0,24,male
65,210,4000,4,White,12,12,12,4,2,no,1,1,38,female
64,140,35000,35,White,16,16,16,8,4,no,0,0,41,female
66,160,17500,17.5,White,17,17,17,4,1,no,0,0,26,female
66,112,16500,16.5,White,14,14,14,7,6,no,3,3,28,female
64,190,28000,28,White,16,16,16,3,1,no,5,5,39,female
66,140,52000,52,White,18,18,18,2,5,no,0,0,50,female
64,108,15000,15,White,16,16,16,2,6,no,0,0,29,female
63,140,19000,19,White,13,13,13,8,7,no,2,2,32,female
63,125,0,0,White,13,13,13,8,4,no,0,0,44,female
67,132,5000,5,Black,12,12,NA,3,1,no,2,2,19,female
69,135,15000,15,White,12,12,NA,5,1,no,1,1,34,female
73,170,27000,27,White,12,12,12,6,6,yes,2,2,23,male
72,171,15000,15,White,8,8,8,1,7,yes,6,6,58,male
66,196,0,0,White,12,12,12,1,2,no,5,5,24,female
72,195,15000,15,White,14,14,14,8,5,no,1,1,33,male
64,150,14500,14.5,White,12,NA,NA,7,1,no,0,0,55,female
64,106,24000,24,White,13,13,13,2,1,no,0,0,30,female
61,115,5000,5,White,12,12,12,4,2,no,1,1,18,female
68,145,18000,18,White,15,15,15,7,7,no,0,0,36,male
62,118,4000,4,White,12,12,12,8,2,no,0,0,68,female
64,129,15000,15,White,12,NA,NA,6,1,no,0,0,85,female
69,NA,4000,4,White,13,13,13,6,1,no,0,0,57,female
66,160,20000,20,White,15,15,15,4,7,no,0,0,53,female
60,98,700,0.7,White,12,12,12,8,1,no,7,7,36,female
64,123,25000,25,White,15,15,NA,7,7,no,0,0,33,female
65,220,24000,24,White,12,12,12,4,1,no,2,2,91,female
60,125,15000,15,White,12,NA,NA,2,1,no,0,0,60,female
76,215,27000,27,White,12,12,12,7,7,no,0,0,39,male
72,NA,12000,12,White,12,12,12,7,7,no,5,5,35,female
72,185,400000,400,White,12,12,12,5,4,no,6,6,33,male
62,145,22000,22,White,18,18,18,4,7,no,2,2,47,female
62,140,30000,30,White,13,13,13,1,1,no,1,1,36,female
70,160,45000,45,White,16,16,16,7,6,no,0,0,35,male
71,205,35000,35,White,12,12,12,8,3,no,0,0,61,male
74,195,20000,20,White,12,12,12,8,2,no,7,7,42,male
65,138,32000,32,White,16,16,16,5,1,no,0,0,32,female
63,160,6000,6,Other,12,12,12,4,1,yes,2,2,31,female
67,150,12000,12,White,12,12,12,3,1,yes,0,0,39,female
65,128,0,0,White,16,16,16,2,1,yes,0,0,44,female
63,145,10000,10,White,12,12,12,3,1,no,1,1,31,female
65,126,1000,1,White,12,12,NA,6,6,yes,0,0,18,female
64,136,12000,12,White,15,NA,NA,7,6,yes,0,0,71,female
65,140,16000,16,White,12,12,12,7,1,no,1,1,36,female
63,125,15000,15,White,13,13,13,7,1,no,2,2,27,female
68,240,0,0,White,16,16,16,8,1,no,5,5,41,female
63,140,25000,25,White,16,16,16,4,2,no,0,0,33,female
70,135,25000,25,White,12,12,NA,5,7,no,2,2,27,female
68,180,32000,32,White,12,12,NA,5,6,no,5,5,30,male
67,165,35000,35,White,14,14,14,1,5,no,0,0,43,male
68,130,25000,25,White,12,12,12,8,2,yes,7,7,24,male
66,135,25000,25,White,12,12,12,3,1,no,2,2,23,female
65,125,6000,6,White,12,12,12,8,1,yes,1,1,28,female
69,165,80000,80,White,14,14,14,4,3,yes,0,0,44,male
68,145,20000,20,White,14,14,14,7,1,no,0,0,25,female
66,187,1000,1,White,17,17,17,2,1,no,0,0,38,female
71,165,28000,28,Hispanic,13,13,13,1,5,yes,0,0,38,male
64,125,26000,26,Hispanic,16,16,16,7,7,no,0,0,23,male
74,210,27000,27,White,12,12,12,7,6,no,2,2,24,male
62,112,18000,18,White,13,13,13,5,3,no,2,2,41,female
65,200,2000,2,White,12,12,12,8,1,no,0,0,59,female
69,195,20000,20,White,12,12,12,4,5,no,0,0,66,male
72,185,15000,15,Black,12,12,12,8,2,no,2,2,19,male
66,221,6000,6,White,16,16,16,4,1,no,1,1,48,female
70,180,15000,15,White,11,11,11,8,4,no,0,0,32,male
61,170,15000,15,White,12,NA,NA,1,3,no,0,0,74,female
60,110,0,0,White,10,10,10,1,1,no,0,0,68,female
70,190,5000,5,White,12,12,12,2,4,no,2,2,19,male
73,130,5000,5,White,11,11,11,8,7,yes,0,0,21,female
66,160,15000,15,White,12,12,12,7,1,no,1,1,74,female
57,130,45000,45,Hispanic,12,12,12,2,1,no,0,0,36,female
67,210,25000,25,White,11,11,11,8,7,no,0,0,63,male
73,180,12000,12,White,12,NA,NA,8,3,no,0,0,29,male
65,115,0,0,White,18,18,18,4,5,no,3,3,26,female
62,120,15000,15,White,12,12,12,6,1,no,0,0,45,female
76,165,12000,12,White,12,12,NA,8,1,yes,0,0,57,male
70,175,30000,30,White,14,14,14,8,5,no,0,0,76,male
64,160,0,0,White,12,12,12,6,6,no,2,2,30,female
63,130,4000,4,Black,15,15,15,4,4,no,4,4,22,female
67,185,5000,5,Black,11,11,11,8,1,no,2,2,18,female
63,115,26000,26,Black,13,13,13,7,7,no,0,0,37,female
69,190,5000,5,White,9,9,NA,8,4,no,0,0,53,female
67,200,15000,15,White,9,9,9,1,1,yes,7,7,23,female
66,180,15000,15,Black,12,12,12,4,4,yes,7,7,30,female
61,140,5000,5,Black,12,12,12,7,7,no,1,1,25,female
70,164,23000,23,Black,12,12,12,8,7,yes,4,4,35,male
71,175,21000,21,White,12,12,12,8,1,yes,7,7,33,male
65,135,25000,25,White,12,12,12,5,1,no,3,3,62,female
70,157,18000,18,White,16,NA,16,4,1,no,1,1,75,male
63,150,4000,4,White,13,13,13,4,6,no,0,0,44,female
64,116,23900,23.9,White,12,12,12,8,7,no,2,2,22,female
68,145,35000,35,White,12,NA,NA,8,5,no,0,0,68,male
64,123,35000,35,White,18,18,18,3,6,no,1,1,40,female
67,140,26000,26,White,14,14,14,1,4,yes,3,3,30,male
66,172,25000,25,White,16,16,16,2,2,no,1,1,36,male
68,118,23500,23.5,White,13,13,13,2,4,yes,7,7,27,female
65,135,12000,12,White,12,12,12,1,1,no,1,1,22,female
67,140,15000,15,White,12,12,12,5,6,no,2,2,20,female
61,165,25000,25,White,8,NA,NA,7,1,no,0,0,67,female
73,210,3000,3,White,17,17,17,5,6,no,0,0,23,male
63,200,15000,15,White,12,12,12,2,1,no,0,0,68,female
66,145,20000,20,White,12,12,12,1,7,no,0,0,37,female
64,200,6000,6,White,12,12,12,8,1,no,2,2,67,female
71,160,14000,14,White,12,12,12,1,1,no,0,0,69,male
63,123,15000,15,White,16,16,16,3,1,no,2,2,31,female
71,180,175000,175,White,16,16,16,8,5,no,2,2,48,male
63,118,0,0,White,12,12,12,3,1,yes,1,1,51,female
64,128,62000,62,White,16,16,16,5,1,no,1,1,70,female
73,170,1000,1,White,18,18,18,7,7,no,3,3,25,male
65,140,10000,10,White,14,14,14,6,2,no,0,0,63,female
66,120,45000,45,White,13,NA,13,4,1,no,0,0,82,male
66,120,15000,15,White,12,NA,NA,1,1,yes,0,0,81,female
60,135,45000,45,White,15,15,15,8,1,no,0,0,79,female
68,165,50000,50,White,18,18,18,4,1,yes,2,2,52,female
59,140,20000,20,White,13,13,NA,8,1,no,4,4,41,female
70,215,5000,5,White,12,12,12,2,6,yes,2,2,42,male
70,165,35000,35,White,16,16,16,1,7,no,2,2,30,male
72,152,40000,40,White,16,16,16,4,7,no,0,0,28,male
64,135,35000,35,White,12,12,12,8,7,no,0,0,72,female
72,200,25000,25,White,12,12,12,8,2,yes,1,1,33,male
66,170,50000,50,White,16,16,16,4,4,no,0,0,54,female
70,205,100000,100,White,18,18,18,5,1,yes,0,0,57,male
69,145,35000,35,White,13,NA,NA,1,7,yes,0,0,28,male
66,115,0,0,White,12,12,12,5,5,no,2,2,51,female
68,175,24000,24,White,12,12,12,3,1,yes,0,0,35,female
64,120,0,0,White,12,12,12,4,1,yes,4,4,30,female
67,140,25000,25,White,14,14,14,8,1,no,2,2,35,female
63,124,0,0,White,12,12,NA,2,1,no,0,0,60,female
74,268,35000,35,White,17,17,17,6,1,yes,0,0,43,male
73,230,38000,38,White,16,NA,NA,7,5,no,0,0,74,male
70,200,35000,35,White,13,13,13,8,4,yes,0,0,29,male
60,130,25000,25,White,8,8,8,8,1,no,0,0,76,female
67,160,30000,30,White,12,12,12,8,6,no,0,0,52,male
64,136,5000,5,Hispanic,12,12,NA,5,1,no,2,2,39,female
67,160,148000,148,White,18,18,18,1,4,no,0,0,38,male
70,165,30000,30,White,12,12,12,2,1,no,0,0,32,male
64,120,6500,6.5,White,15,15,15,8,6,no,1,1,31,female
62,95,3000,3,White,16,16,16,8,2,no,7,7,37,female
72,175,25000,25,White,15,15,NA,8,1,yes,0,0,75,male
66,200,0,0,White,8,NA,8,1,1,yes,2,2,53,female
69,230,23000,23,White,18,18,18,3,6,no,0,0,69,male
82,175,45000,45,White,18,NA,18,4,1,no,1,1,65,male
63,150,35000,35,White,16,16,16,8,1,no,0,0,36,female
68,155,40000,40,White,17,17,17,8,6,no,2,2,41,male
72,180,30000,30,White,14,14,14,8,2,no,1,1,39,male
63,210,0,0,White,14,14,14,8,2,yes,7,7,29,female
63,210,14000,14,White,12,12,NA,6,5,yes,0,0,37,female
69,NA,15000,15,White,12,12,12,8,1,no,7,7,34,female
64,120,26000,26,White,18,18,18,4,2,yes,0,0,36,female
71,195,8000,8,White,12,12,12,8,7,yes,7,7,25,female
64,123,24000,24,Black,16,16,16,8,6,yes,4,4,27,female
72,135,0,0,White,8,8,8,5,5,yes,0,0,20,male
62,125,0,0,White,12,12,12,8,2,yes,7,7,25,female
66,180,0,0,White,10,10,10,8,5,no,3,3,38,female
72,200,15000,15,White,12,NA,NA,1,1,no,0,0,40,male
66,140,5124,5.124,White,8,8,8,1,1,yes,3,3,67,male
61,110,10000,10,White,15,15,15,2,4,no,3,3,25,female
64,165,5000,5,White,7,NA,NA,5,1,yes,1,1,38,female
62,111,5000,5,Black,13,13,13,8,5,no,0,0,20,female
69,125,0,0,White,13,13,NA,8,7,no,1,1,19,female
68,145,12000,12,White,16,16,16,7,1,no,7,7,32,female
66,155,0,0,White,12,12,12,5,7,yes,7,7,23,female
68,180,50000,50,White,17,17,17,7,6,no,0,0,34,male
71,158,136500,136.5,White,16,16,16,5,5,yes,0,0,41,male
64,125,23000,23,White,13,13,13,4,2,no,1,1,26,female
61,118,0,0,White,16,16,16,7,1,no,1,1,40,female
68,155,25000,25,White,12,12,12,4,1,no,0,0,69,female
63,174,5000,5,White,9,NA,NA,5,1,no,0,0,69,female
65,138,5000,5,White,12,NA,NA,8,1,no,1,1,91,female
64,110,5000,5,White,12,12,12,8,1,no,5,5,18,female
65,130,15000,15,White,12,12,12,8,7,yes,0,0,38,female
64,125,5000,5,White,14,14,14,7,2,no,0,0,19,female
66,130,40000,40,Black,14,14,14,8,7,yes,0,0,34,male
62,124,6000,6,Black,13,13,13,7,1,no,7,7,26,female
71,170,100000,100,White,18,18,NA,8,5,no,0,0,77,male
65,160,5000,5,Black,16,16,16,8,1,no,7,7,30,female
64,190,45000,45,White,8,NA,NA,8,1,yes,7,7,52,female
60,120,25000,25,Black,12,12,12,8,5,no,0,0,26,female
66,156,110000,110,White,18,18,18,5,5,no,0,0,37,male
61,102,25000,25,White,13,13,13,8,4,yes,2,2,37,female
72,145,41000,41,Hispanic,13,NA,NA,8,7,no,0,0,32,male
70,145,25000,25,White,12,12,NA,5,6,no,0,0,55,female
63,130,23000,23,White,13,13,13,4,4,no,0,0,78,female
68,132,15000,15,White,14,NA,14,8,5,no,0,0,78,female
63,120,0,0,White,12,12,12,7,5,no,7,7,32,female
70,165,21000,21,White,12,12,12,8,7,yes,1,1,23,male
62,150,4000,4,White,12,12,12,5,1,yes,7,7,29,female
71,280,25000,25,White,12,12,12,8,4,yes,0,0,36,male
70,170,30000,30,White,18,18,18,4,7,yes,1,1,46,male
64,159,14000,14,White,11,11,NA,8,1,no,0,0,51,female
63,115,6000,6,White,12,12,12,3,2,yes,7,7,35,female
65,144,14000,14,White,12,12,12,2,1,yes,0,0,46,female
71,175,43000,43,White,12,12,12,1,6,no,6,6,27,male
62,128,25000,25,White,15,15,15,8,5,yes,7,7,33,female
73,195,40000,40,White,12,12,12,8,1,no,0,0,66,male
64,135,25000,25,White,16,16,16,8,1,no,0,0,73,female
68,220,65000,65,White,17,17,17,5,5,no,3,3,40,male
76,210,16000,16,White,15,15,15,3,4,no,0,0,32,male
73,196,136500,136.5,White,16,16,16,1,1,yes,0,0,65,male
70,160,87000,87,White,18,NA,NA,1,6,no,0,0,54,male
66,120,8000,8,White,12,12,12,8,1,no,0,0,71,female
64,NA,20000,20,White,15,15,15,4,4,no,4,4,39,female
60,NA,14000,14,White,14,14,14,1,1,no,0,0,72,female
68,140,45000,45,White,12,12,12,8,1,no,0,0,74,male
61,180,8000,8,White,11,NA,NA,1,1,no,0,0,72,female
65,185,15000,15,White,10,NA,10,3,1,yes,0,0,71,female
66,130,12000,12,White,12,12,NA,5,4,yes,0,0,28,male
63,132,8000,8,White,14,14,14,5,5,no,0,0,31,female
63,105,16000,16,White,15,15,15,1,1,no,2,2,32,female
67,NA,25000,25,White,12,NA,NA,1,2,no,0,0,43,female
74,170,6000,6,White,15,15,15,7,1,yes,7,7,73,male
66,160,136500,136.5,White,12,NA,12,4,7,no,1,1,45,female
70,180,19000,19,White,12,12,12,8,6,no,0,0,32,male
68,155,21000,21,White,13,13,13,6,3,yes,5,5,39,female
70,131,43000,43,White,18,18,18,7,3,no,1,1,46,female
69,190,35000,35,White,15,15,15,7,7,no,0,0,21,male
70,175,8000,8,White,10,NA,NA,8,2,no,0,0,75,male
63,125,21000,21,White,14,14,14,7,1,yes,1,1,41,female
65,135,5800,5.8,White,12,12,12,8,5,no,5,5,30,female
69,185,17000,17,White,12,NA,NA,5,1,no,0,0,46,male
65,120,45000,45,White,12,NA,NA,2,2,yes,2,2,42,female
68,140,24000,24,White,14,14,14,4,3,yes,2,2,49,male
62,140,5000,5,White,11,11,NA,1,1,no,3,3,71,female
70,185,62000,62,White,11,11,11,1,1,no,0,0,48,male
66,150,11000,11,White,12,12,12,8,1,yes,3,3,23,female
65,225,10000,10,White,13,NA,13,5,1,no,0,0,27,male
70,185,40000,40,White,14,14,14,4,4,no,0,0,36,male
66,163,0,0,Black,12,NA,12,8,5,no,0,0,37,female
70,170,40000,40,White,12,NA,NA,8,4,yes,0,0,47,male
66,165,24000,24,Black,14,NA,NA,8,2,no,3,3,29,female
68,160,50000,50,Black,18,18,18,8,7,no,0,0,34,male
68,NA,25000,25,White,12,12,12,6,2,yes,3,3,25,female
68,160,24000,24,White,16,16,16,1,3,no,0,0,26,male
68,120,20000,20,White,16,16,16,8,3,no,0,0,33,male
63,120,15000,15,White,16,16,16,8,5,no,0,0,23,female
70,195,60000,60,White,18,18,18,3,1,no,0,0,50,male
65,155,11000,11,White,13,13,13,5,1,no,0,0,47,female
64,115,5000,5,White,15,15,15,8,2,no,7,7,40,female
63,113,136500,136.5,White,17,17,17,8,6,no,0,0,84,female
69,180,87000,87,White,18,18,18,8,5,no,5,5,39,male
65,135,27000,27,White,16,16,16,7,5,no,0,0,30,female
77,241,89000,89,White,16,16,16,8,1,no,2,2,41,male
70,175,40000,40,White,14,14,14,8,4,no,2,2,28,male
64,120,15000,15,White,16,16,16,8,7,no,0,0,26,female
64,130,1000,1,White,14,14,14,8,6,no,0,0,20,female
62,180,0,0,White,12,12,12,4,1,yes,7,7,28,female
64,NA,22000,22,White,12,12,12,5,1,no,0,0,60,female
64,184,12000,12,White,8,8,8,1,1,yes,0,0,48,female
63,125,22000,22,White,16,16,16,4,2,no,2,2,28,female
58,180,40000,40,Black,12,12,NA,8,1,no,0,0,56,female
73,182,25000,25,Black,10,NA,NA,2,6,no,2,2,55,male
66,182,0,0,White,12,12,12,8,6,no,0,0,58,female
64,120,62000,62,White,16,16,16,7,7,no,3,3,40,female
62,150,40000,40,White,16,16,16,5,1,no,0,0,44,female
61,123,0,0,White,13,13,13,6,7,no,0,0,42,female
64,113,35000,35,Hispanic,14,14,14,4,2,no,0,0,53,female
64,119,7000,7,White,12,12,12,8,1,no,0,0,28,female
70,190,25000,25,White,14,14,NA,8,1,no,0,0,40,male
62,118,14000,14,White,12,12,12,6,2,no,0,0,37,female
62,120,5000,5,White,12,12,12,8,1,no,1,1,20,female
64,150,15000,15,White,12,12,12,2,1,no,0,0,56,female
66,240,0,0,Black,14,14,14,1,1,no,0,0,31,female
66,150,6000,6,White,13,13,13,7,6,no,0,0,34,female
69,223,11000,11,Black,12,NA,NA,1,1,no,7,7,41,female
64,132,10000,10,White,13,13,13,4,1,no,0,0,31,female
62,168,0,0,White,12,12,NA,8,1,no,1,1,59,female
62,118,5000,5,White,12,12,12,4,4,yes,4,4,32,female
71,193,20000,20,White,14,14,14,8,5,no,2,2,41,male
59,108,35000,35,White,12,NA,NA,7,1,no,0,0,56,female
62,155,7000,7,White,12,12,12,4,1,no,0,0,73,female
68,185,38000,38,White,9,9,9,8,2,no,1,1,46,male
68,175,29000,29,White,9,NA,NA,4,1,yes,1,1,58,male
62,122,20000,20,White,10,10,NA,4,1,no,0,0,44,female
63,160,8000,8,White,12,12,12,4,1,yes,0,0,57,female
69,175,36000,36,White,16,16,16,8,1,no,0,0,51,male
67,228,1500,1.5,White,12,12,12,7,7,no,1,1,44,female
64,135,42000,42,White,18,18,18,6,5,no,1,1,29,female
68,135,35000,35,White,17,17,17,8,1,yes,1,1,44,female
70,165,25000,25,White,12,12,12,1,7,yes,0,0,22,male
76,150,5000,5,White,9,9,9,3,6,no,0,0,18,male
69,140,13000,13,White,10,10,10,1,1,yes,0,0,20,male
66,133,20000,20,White,11,11,11,4,1,no,0,0,64,female
66,98,10000,10,White,12,NA,NA,8,1,no,1,1,71,female
72,194,50000,50,Other,15,15,15,8,5,yes,3,3,49,male
69,145,30000,30,Black,11,11,11,8,1,no,0,0,51,male
69,160,7000,7,White,12,NA,NA,7,6,no,0,0,23,male
62,118,15000,15,Black,12,12,12,8,1,no,0,0,82,female
60,200,31000,31,Black,12,NA,NA,8,1,yes,7,7,48,female
66,149,15000,15,Black,12,12,12,2,2,no,3,3,42,female
60,135,0,0,White,18,18,NA,2,1,no,4,4,41,female
67,170,50000,50,White,16,16,16,7,2,no,1,1,49,male
67,120,5000,5,Hispanic,11,11,11,1,1,no,3,3,18,female
66,140,5000,5,White,15,15,15,8,7,no,0,0,20,male
70,150,600,0.6,Black,12,12,12,7,6,no,3,3,18,female
64,150,14000,14,Black,8,8,NA,8,1,no,0,0,51,female
60,105,40000,40,Other,18,18,18,8,1,no,0,0,35,female
68,170,24000,24,White,18,18,18,5,7,no,5,5,36,male
66,150,25000,25,Black,12,NA,NA,8,1,no,0,0,59,female
73,180,22000,22,Black,12,12,NA,1,5,yes,7,7,24,male
72,215,20000,20,White,8,8,8,4,1,yes,1,1,36,male
64,145,20112,20.112,White,12,NA,NA,8,5,yes,3,3,38,female
67,135,12000,12,White,13,13,13,7,1,yes,1,1,67,male
71,180,15000,15,Black,8,NA,NA,8,6,yes,0,0,37,male
70,221,20000,20,White,18,18,18,7,7,yes,0,0,69,male
66,129,5000,5,White,8,8,8,4,1,no,0,0,44,female
67,140,41000,41,White,13,13,13,7,1,no,1,1,40,female
71,155,13000,13,Black,9,9,9,8,1,no,0,0,50,male
63,136,0,0,White,12,12,12,5,5,no,3,3,25,female
73,170,60000,60,White,16,16,16,1,4,yes,0,0,31,male
70,155,24000,24,White,16,16,16,8,7,no,4,4,25,male
70,165,38000,38,White,16,16,16,1,7,no,6,6,36,male
71,128,3000,3,White,14,14,14,3,2,no,4,4,27,female
66,110,13000,13,White,12,12,12,4,2,yes,0,0,30,female
75,160,5000,5,White,12,12,12,1,2,yes,2,2,21,male
60,92,20000,20,White,14,14,14,4,5,no,5,5,37,female
72,230,22000,22,White,12,12,12,4,7,no,5,5,28,male
70,256,35000,35,White,14,14,14,1,1,no,2,2,40,female
63,118,0,0,Black,16,16,16,3,7,no,1,1,23,female
75,230,28000,28,Black,9,NA,NA,8,4,no,0,0,55,male
60,110,22000,22,White,12,12,12,6,3,yes,7,7,41,female
73,186,30000,30,Black,12,NA,12,8,5,no,1,1,44,male
65,165,5000,5,Black,6,NA,NA,8,1,no,0,0,70,male
65,210,30000,30,Black,12,12,NA,2,1,no,7,7,32,female
63,135,35000,35,White,17,17,17,8,1,no,0,0,63,female
67,140,30000,30,White,16,16,16,8,4,no,0,0,31,male
61,130,32000,32,White,12,12,12,8,1,no,0,0,69,female
69,135,26000,26,White,17,17,17,6,5,no,4,4,43,female
64,144,22000,22,White,14,14,14,4,6,yes,1,1,34,female
62,190,15000,15,White,14,NA,NA,5,1,no,0,0,72,female
70,150,25000,25,White,12,12,12,6,5,no,0,0,33,male
68,147,11000,11,White,10,10,10,8,3,yes,7,7,24,female
67,140,15000,15,White,12,NA,NA,8,1,no,0,0,33,male
62,130,13000,13,White,12,NA,NA,5,1,yes,1,1,53,female
64,180,10000,10,White,15,15,15,7,7,yes,1,1,42,female
68,110,0,0,White,12,12,12,1,1,no,7,7,24,female
72,200,35000,35,White,16,16,16,8,6,no,0,0,32,male
68,120,12000,12,White,12,12,12,4,4,no,0,0,45,female
64,130,25000,25,White,17,17,17,6,1,no,7,7,38,female
66,130,0,0,White,13,13,13,5,7,yes,0,0,57,male
64,118,7000,7,White,11,NA,NA,8,1,yes,0,0,64,female
73,230,57000,57,White,14,14,14,2,1,yes,0,0,37,male
73,210,36000,36,White,16,16,16,8,4,no,2,2,37,male
69,175,29000,29,Hispanic,14,14,14,7,6,no,4,4,29,male
68,133,8000,8,White,13,13,13,8,4,no,2,2,19,female
71,125,3000,3,Black,11,11,11,8,1,no,4,4,18,male
63,160,0,0,White,12,12,12,5,2,no,0,0,64,female
66,205,20000,20,White,16,16,16,8,1,no,0,0,41,female
66,158,0,0,White,12,NA,NA,8,1,yes,3,3,36,female
66,173,33000,33,White,12,12,12,7,4,no,1,1,57,male
68,210,15000,15,Hispanic,12,12,NA,8,1,no,0,0,68,female
70,235,16000,16,White,12,12,12,1,1,no,1,1,33,male
62,148,5000,5,White,12,12,12,6,7,no,2,2,78,female
66,142,8000,8,White,14,14,14,5,4,no,3,3,43,female
63,122,32000,32,Black,16,16,16,4,1,no,3,3,34,female
75,175,14500,14.5,White,12,12,12,1,3,yes,0,0,24,male
67,125,13000,13,White,12,12,12,2,2,no,6,6,29,female
68,115,5000,5,White,16,16,16,4,5,no,0,0,27,male
60,NA,5000,5,Black,12,12,12,2,1,no,0,0,34,female
62,125,0,0,White,10,NA,NA,8,7,no,2,2,20,female
70,200,5000,5,White,11,NA,11,4,1,no,1,1,57,female
63,160,7000,7,White,9,9,9,7,4,no,1,1,25,female
65,126,50000,50,Black,18,18,18,7,1,no,0,0,65,female
69,185,12000,12,Black,12,12,12,8,2,yes,3,3,35,female
71,209,19000,19,White,14,14,14,8,6,no,0,0,61,male
62,110,9000,9,White,12,12,12,8,7,yes,0,0,55,female
64,110,25000,25,White,12,12,12,2,2,yes,4,4,38,female
65,130,20000,20,Black,12,NA,NA,8,1,yes,2,2,35,female
72,170,55000,55,Hispanic,18,18,18,1,1,no,0,0,35,male
62,145,15000,15,Black,12,NA,NA,2,1,no,0,0,71,female
75,190,45000,45,White,18,18,18,6,7,yes,4,4,31,male
65,120,10000,10,White,12,12,12,8,7,yes,0,0,40,female
65,142,15000,15,White,12,12,12,8,1,no,0,0,67,female
63,113,13000,13,White,12,12,12,2,2,yes,0,0,19,female
66,120,45000,45,White,18,18,18,7,7,no,0,0,30,female
64,110,20000,20,White,13,13,13,1,1,yes,7,7,31,female
68,116,45000,45,White,16,16,16,6,2,no,6,6,29,female
72,185,30000,30,White,12,12,12,8,6,no,0,0,26,male
64,110,12000,12,White,12,12,12,8,1,no,1,1,34,female
70,125,26000,26,White,13,NA,13,7,2,no,2,2,33,female
65,115,12500,12.5,White,12,12,12,3,6,yes,1,1,27,female
64,130,8000,8,White,12,12,12,2,1,yes,1,1,29,female
64,120,15000,15,Hispanic,16,16,16,2,6,no,7,7,32,female
67,207,65000,65,White,14,14,14,2,7,yes,1,1,25,male
73,175,25000,25,White,10,NA,10,8,6,yes,6,6,21,male
73,185,8000,8,Hispanic,14,14,14,4,6,no,1,1,21,male
65,110,15000,15,Other,14,14,14,7,4,no,1,1,21,male
64,160,12000,12,White,16,16,16,4,1,yes,1,1,40,female
72,195,35000,35,White,12,12,12,8,1,no,2,2,42,male
67,140,35000,35,Black,13,13,13,5,6,no,2,2,37,female
67,162,40000,40,White,16,16,16,7,6,no,0,0,31,male
66,140,15000,15,Hispanic,14,14,14,7,2,no,1,1,24,female
74,145,29000,29,White,12,12,12,8,4,no,0,0,22,male
60,114,5000,5,White,10,10,10,8,1,yes,0,0,74,female
64,96,15000,15,White,12,12,12,5,4,yes,7,7,33,female
63,175,15000,15,White,13,13,13,4,2,no,1,1,31,female
74,250,20000,20,White,12,NA,NA,4,2,no,1,1,36,male
74,205,3000,3,Black,6,NA,NA,8,5,no,0,0,62,male
63,120,1000,1,Black,16,16,16,8,2,no,5,5,19,female
62,140,8000,8,Black,11,11,11,3,2,yes,7,7,23,female
62,103,5000,5,White,12,12,NA,4,6,yes,1,1,18,female
67,160,25000,25,White,16,16,16,8,5,no,2,2,27,female
75,219,5000,5,White,13,13,13,7,5,yes,0,0,22,male
69,163,20000,20,White,12,12,12,7,4,no,0,0,57,male
65,133,15000,15,White,12,12,12,2,1,yes,0,0,26,female
73,150,30000,30,White,12,12,12,2,2,no,0,0,34,male
63,200,12000,12,White,12,NA,12,1,1,yes,0,0,35,female
59,NA,5000,5,White,11,NA,NA,1,1,no,3,3,80,female
60,120,0,0,White,12,12,12,7,1,yes,7,7,34,female
65,122,15000,15,White,14,14,14,8,7,no,2,2,38,female
64,145,5000,5,Black,14,14,14,4,1,no,0,0,34,male
64,130,15000,15,Black,10,NA,NA,5,2,no,1,1,59,female
64,135,25000,25,White,18,NA,NA,8,1,no,0,0,78,female
67,210,10000,10,White,14,14,14,7,1,no,1,1,32,female
69,140,16000,16,White,12,12,12,8,1,yes,0,0,19,male
71,185,45000,45,White,12,12,12,2,5,yes,0,0,29,male
72,170,40000,40,White,14,14,14,5,5,no,0,0,54,male
72,200,15000,15,White,12,12,12,8,6,yes,1,1,26,male
63,140,0,0,White,12,12,12,4,1,no,7,7,62,female
66,152,20000,20,White,13,13,13,8,5,yes,0,0,33,female
70,125,25000,25,White,14,NA,NA,3,1,no,0,0,81,male
64,145,19000,19,White,14,14,14,7,5,yes,0,0,52,female
64,128,17600,17.6,White,16,16,16,2,2,yes,3,3,30,female
68,155,7000,7,White,12,NA,NA,8,1,no,0,0,67,male
74,207,30000,30,White,12,12,12,5,4,no,2,2,32,male
62,125,18000,18,White,11,11,11,1,1,yes,0,0,47,female
63,135,15000,15,Hispanic,8,8,NA,7,1,yes,0,0,41,female
65,135,25000,25,White,16,16,16,4,2,yes,2,2,47,female
66,155,0,0,White,14,14,14,6,1,no,1,1,55,female
60,120,6000,6,White,5,5,5,8,1,no,7,7,62,female
69,170,70000,70,White,18,18,18,7,6,no,0,0,42,male
61,115,15000,15,Other,16,16,16,5,1,no,0,0,34,female
68,140,15000,15,White,12,12,12,8,1,yes,0,0,61,male
65,135,25000,25,White,17,17,17,8,1,yes,0,0,33,female
66,120,35000,35,White,16,16,16,4,6,no,0,0,28,female
70,155,18000,18,White,16,16,16,5,3,no,0,0,24,male
72,165,28000,28,Black,15,15,15,2,6,no,0,0,30,male
66,160,35000,35,White,12,12,12,8,1,yes,0,0,49,female
67,150,25000,25,Hispanic,12,12,12,8,4,no,1,1,23,male
64,135,15000,15,Hispanic,11,11,11,8,6,no,0,0,21,female
71,172,22000,22,Hispanic,14,14,NA,7,2,yes,0,0,28,male
63,128,0,0,White,12,12,12,8,6,no,0,0,29,female
73,190,35000,35,White,12,NA,NA,3,3,no,0,0,30,male
64,140,18000,18,Black,15,NA,15,1,6,no,0,0,46,female
68,150,35000,35,White,14,14,14,7,5,yes,0,0,37,male
64,115,16400,16.4,Black,12,12,12,4,1,no,5,5,21,female
66,135,22000,22,Black,16,16,16,1,1,yes,1,1,37,male
67,128,30000,30,White,16,NA,NA,4,1,no,0,0,58,female
64,135,17000,17,Hispanic,12,12,12,4,5,no,2,2,27,female
64,147,25000,25,Black,14,14,14,8,6,no,7,7,36,female
62,138,10000,10,White,12,12,12,6,1,yes,3,3,51,female
69,180,40000,40,White,12,12,12,1,3,no,1,1,37,male
63,125,12500,12.5,White,12,12,12,2,1,no,0,0,63,female
63,180,15000,15,White,12,NA,NA,1,1,no,0,0,77,female
63,135,10000,10,White,12,12,NA,7,3,no,7,7,30,female
72,195,35000,35,White,15,NA,NA,1,1,no,3,3,45,male
61,93,0,0,Hispanic,16,16,16,8,6,no,2,2,23,female
75,202,105000,105,White,12,12,12,2,2,yes,1,1,49,male
71,160,25000,25,White,12,12,12,2,1,yes,1,1,27,male
70,170,100000,100,White,18,18,18,8,7,no,1,1,40,male
60,130,25000,25,White,12,NA,NA,1,1,yes,0,0,61,female
69,158,21000,21,White,12,NA,12,1,1,yes,0,0,51,male
64,200,10000,10,White,14,14,14,1,1,no,7,7,56,female
72,222,33000,33,White,12,12,12,2,1,yes,3,3,26,male
69,149,26000,26,White,18,18,18,1,7,no,0,0,25,male
63,136,60000,60,White,10,10,NA,7,1,no,0,0,78,female
64,110,15000,15,White,16,16,16,8,5,no,0,0,84,female
71,235,18000,18,White,16,16,16,7,7,no,1,1,45,male
59,105,15000,15,White,8,NA,NA,8,1,yes,0,0,61,female
68,170,5000,5,White,13,13,13,6,4,no,0,0,20,male
77,270,60000,60,White,17,17,17,8,2,no,0,0,42,male
68,150,12000,12,White,14,14,14,8,1,no,3,3,69,female
70,140,28000,28,Black,18,18,18,8,1,no,0,0,38,male
69,154,42000,42,White,18,18,18,5,6,yes,0,0,43,male
63,103,2000,2,White,12,12,12,8,1,yes,0,0,33,female
65,147,10000,10,White,16,16,16,1,1,no,1,1,54,female
73,190,20000,20,Black,18,18,18,8,6,no,0,0,33,male
66,145,28000,28,Other,15,15,15,8,1,no,0,0,40,male
72,212,10000,10,Black,17,17,17,4,2,yes,0,0,62,male
66,164,0,0,White,16,NA,NA,8,1,no,0,0,65,male
72,161,31000,31,Black,12,12,12,8,6,yes,7,7,31,male
69,172,17000,17,Black,13,13,13,7,1,no,4,4,37,female
67,220,16000,16,White,12,NA,NA,4,1,no,3,3,39,female
66,170,35000,35,White,15,15,15,8,1,no,0,0,38,female
67,111,3000,3,White,12,12,12,4,1,yes,7,7,26,female
68,149,5000,5,White,11,11,11,7,6,yes,1,1,78,female
72,155,25000,25,White,10,NA,NA,1,1,yes,0,0,51,male
68,150,16000,16,White,18,18,18,8,6,no,4,4,39,female
65,120,35000,35,Black,15,15,15,8,7,no,3,3,42,female
62,140,27000,27,Black,17,17,17,5,1,no,0,0,33,female
69,155,25000,25,White,17,17,17,5,5,no,1,1,29,male
62,200,0,0,White,14,14,14,8,1,no,1,1,78,female
70,145,40000,40,White,16,16,16,4,4,yes,1,1,41,male
66,151,45000,45,White,16,16,16,5,2,no,0,0,43,female
66,185,14000,14,White,12,12,NA,7,1,no,2,2,23,male
66,200,25000,25,White,14,14,14,8,1,yes,0,0,37,female
72,230,40000,40,White,12,12,12,7,5,no,0,0,42,male
69,187,34000,34,White,12,NA,NA,6,1,yes,0,0,35,male
66,205,40000,40,White,12,NA,12,7,2,no,0,0,34,male
71,190,25000,25,White,16,16,16,6,1,no,0,0,83,male
69,165,35000,35,White,14,14,14,1,7,no,0,0,28,male
60,104,12000,12,Hispanic,12,12,12,8,1,yes,0,0,51,female
65,NA,30000,30,White,17,17,17,8,3,no,4,4,43,female
62,180,23000,23,White,12,12,12,2,1,yes,6,6,40,female
67,150,2000,2,White,12,12,12,4,2,no,3,3,30,female
67,175,20000,20,White,14,14,14,8,6,yes,0,0,25,male
68,240,10000,10,Black,9,9,NA,3,1,no,0,0,62,female
65,175,0,0,Black,6,NA,NA,1,1,no,4,4,67,female
63,115,25000,25,White,16,16,16,2,1,no,0,0,33,female
64,210,5000,5,Other,12,12,12,1,1,no,7,7,19,female
66,150,5000,5,Black,11,NA,NA,8,1,yes,0,0,64,female
66,160,60000,60,Black,16,16,16,8,1,no,0,0,43,female
74,170,12000,12,Black,16,16,NA,4,1,yes,3,3,41,male
65,157,25000,25,White,18,18,18,2,1,no,1,1,61,female
63,180,22000,22,Black,14,14,14,2,1,no,0,0,73,female
62,130,0,0,White,12,12,12,4,1,yes,2,2,38,female
68,165,8000,8,White,17,17,17,2,2,no,0,0,25,male
68,NA,5000,5,White,17,17,17,8,7,no,0,0,22,female
66,124,2000,2,White,16,16,16,7,6,no,1,1,21,female
64,110,5000,5,White,14,14,14,8,2,no,0,0,30,female
61,130,10000,10,White,13,13,13,7,1,no,0,0,20,female
65,122,18600,18.6,White,16,16,16,6,6,no,0,0,26,female
62,120,20000,20,White,14,14,14,8,7,no,0,0,20,female
73,200,100000,100,White,18,18,18,2,1,no,0,0,37,male
62,135,50000,50,White,15,15,15,1,1,yes,2,2,40,female
70,170,27000,27,White,12,12,12,6,5,no,1,1,42,male
58,100,1000,1,Black,12,12,12,8,1,yes,0,0,58,female
68,145,18000,18,White,12,12,12,4,2,yes,4,4,20,male
67,140,17000,17,White,14,14,14,4,1,yes,7,7,23,female
64,180,10000,10,White,12,12,12,8,1,no,0,0,74,female
70,208,14000,14,White,14,NA,NA,1,1,no,0,0,35,male
72,200,7200,7.2,White,14,NA,NA,8,1,yes,0,0,66,male
63,130,0,0,Other,8,8,8,4,1,yes,3,3,52,female
63,112,33000,33,White,17,17,17,7,2,no,0,0,39,female
66,180,23000,23,White,12,12,12,1,1,no,0,0,34,male
65,138,10000,10,White,12,12,12,4,1,no,0,0,41,female
61,124,22000,22,White,12,12,12,2,6,no,2,2,24,male
61,110,13000,13,Hispanic,12,12,NA,7,1,no,2,2,19,female
67,150,33000,33,White,12,12,12,8,6,no,3,3,31,female
73,250,36000,36,White,12,12,12,7,1,yes,0,0,36,male
66,180,10000,10,Black,10,NA,10,8,1,no,0,0,64,female
71,185,10000,10,Black,14,14,14,4,1,no,0,0,32,female
64,145,6000,6,White,12,12,12,5,3,no,1,1,60,female
70,199,25000,25,White,11,NA,NA,8,1,no,0,0,63,male
67,165,12000,12,White,12,12,12,8,5,no,3,3,43,female
62,190,10000,10,White,11,NA,NA,5,1,yes,1,1,47,female
67,131,21000,21,White,12,12,12,6,1,no,2,2,45,female
69,210,26000,26,White,12,12,12,5,1,no,1,1,32,male
66,170,22000,22,Black,12,12,12,8,1,yes,0,0,50,female
66,155,23000,23,Black,15,15,15,4,1,no,0,0,54,female
66,150,20000,20,White,15,15,15,8,7,no,1,1,24,male
66,130,10000,10,White,13,13,13,4,1,no,0,0,38,female
64,137,15000,15,White,12,NA,NA,2,1,no,0,0,71,female
72,190,7000,7,Black,14,14,14,5,5,no,1,1,24,male
64,195,15000,15,White,12,12,12,7,1,no,2,2,38,female
64,170,0,0,White,12,12,12,6,1,no,2,2,60,female
65,160,26000,26,White,16,16,16,1,1,yes,0,0,34,female
72,150,10000,10,White,11,11,11,7,5,yes,0,0,31,male
63,150,0,0,White,8,8,8,1,1,no,0,0,57,female
71,185,3000,3,White,14,14,14,8,5,no,1,1,20,male
64,135,27000,27,Hispanic,17,17,17,2,2,no,1,1,41,female
70,190,25000,25,Black,16,16,16,5,4,yes,0,0,52,male
66,125,35000,35,White,18,18,18,8,1,no,0,0,39,female
64,112,28000,28,White,17,17,17,5,7,no,7,7,25,female
69,154,25000,25,White,12,12,12,1,7,yes,1,1,22,female
67,123,15000,15,White,12,12,12,8,6,no,1,1,27,female
75,178,55000,55,White,18,18,18,8,7,no,0,0,30,male
66,125,20000,20,Hispanic,17,17,17,8,7,no,0,0,26,female
67,125,8500,8.5,White,12,12,12,8,1,yes,0,0,44,female
68,132,0,0,White,12,12,12,1,1,no,0,0,58,female
67,142,15000,15,White,13,13,13,5,2,yes,0,0,31,female
75,214,30000,30,Black,8,NA,NA,6,5,yes,0,0,41,male
71,175,30000,30,White,16,16,16,1,1,no,0,0,30,male
62,175,0,0,White,12,12,12,8,1,no,0,0,66,female
68,180,5000,5,White,13,13,13,6,7,no,2,2,54,female
67,124,5000,5,White,14,14,14,2,3,yes,0,0,18,female
68,135,20000,20,White,12,12,12,7,7,no,1,1,31,female
70,183,20000,20,White,15,NA,15,7,1,no,1,1,57,female
70,151,22000,22,White,6,6,6,5,1,no,0,0,75,male
67,145,25000,25,White,16,16,16,1,6,no,0,0,26,male
64,122,0,0,White,16,16,16,1,1,yes,0,0,62,female
64,140,5000,5,Black,12,NA,NA,7,2,no,3,3,33,female
65,120,15000,15,White,12,12,12,8,1,yes,0,0,64,female
71,160,3000,3,White,8,8,8,8,4,no,2,2,22,male
63,137,16000,16,White,12,12,12,6,1,yes,0,0,49,female
70,175,30000,30,White,14,14,14,8,6,no,1,1,27,male
64,126,0,0,White,12,12,12,8,1,no,0,0,57,female
61,148,10000,10,Black,12,12,NA,1,1,no,0,0,39,female
65,162,15000,15,Black,12,12,12,1,5,no,7,7,28,female
67,170,28000,28,White,12,12,12,1,2,no,0,0,46,male
67,150,15000,15,White,12,NA,NA,2,2,no,2,2,45,female
68,NA,15000,15,White,12,12,12,6,1,no,3,3,69,female
59,110,5000,5,White,6,NA,NA,8,1,no,0,0,76,female
63,135,5000,5,White,12,NA,NA,7,7,yes,7,7,53,female
65,153,31500,31.5,White,14,14,14,2,4,no,0,0,35,male
66,168,95000,95,White,18,18,18,7,2,no,3,3,52,male
68,160,45000,45,White,17,17,17,7,1,yes,0,0,61,male
69,150,20000,20,White,12,NA,NA,4,1,no,0,0,53,female
67,145,38000,38,White,12,12,12,1,2,yes,7,7,40,male
72,250,10000,10,White,8,8,NA,8,1,no,0,0,70,male
63,139,15000,15,White,16,16,16,7,1,no,0,0,73,female
74,199,30000,30,White,12,12,12,8,1,no,5,5,41,male
74,225,35900,35.9,White,16,16,16,4,6,no,0,0,42,male
66,104,12000,12,White,13,13,NA,1,7,no,1,1,22,female
72,165,15000,15,White,15,15,15,2,1,no,7,7,35,male
69,115,10000,10,White,16,16,16,2,2,yes,0,0,25,female
66,150,45000,45,White,18,18,18,7,5,no,0,0,44,female
62,175,5000,5,White,12,12,12,4,5,no,3,3,19,female
68,130,5000,5,White,11,11,11,8,1,yes,0,0,25,male
74,185,40000,40,White,16,16,16,8,6,no,0,0,56,male
72,180,21500,21.5,White,12,12,12,8,6,yes,4,4,27,male
66,132,14000,14,White,12,NA,NA,8,1,yes,4,4,62,male
67,175,38000,38,Other,17,17,17,7,4,no,0,0,54,male
65,130,1000,1,White,12,12,12,8,7,no,0,0,18,female
66,240,14000,14,White,12,12,NA,8,1,no,4,4,73,male
65,130,15000,15,White,12,12,12,8,2,yes,1,1,31,female
64,110,15000,15,White,16,16,16,6,2,yes,0,0,23,female
62,132,0,0,Hispanic,12,NA,NA,8,1,no,0,0,63,female
64,160,25000,25,White,12,NA,NA,4,1,no,0,0,70,female
68,145,24000,24,White,13,13,13,7,6,no,0,0,42,female
64,130,4500,4.5,White,16,16,16,8,4,yes,4,4,23,female
64,127,18000,18,White,16,16,16,7,5,no,0,0,63,female
64,115,35000,35,White,12,12,12,8,7,no,0,0,19,female
63,100,14000,14,White,12,NA,12,2,2,no,0,0,20,female
69,160,10000,10,White,12,12,12,1,1,no,7,7,28,female
67,150,9500,9.5,White,12,12,12,2,1,yes,1,1,32,female
63,140,11000,11,White,15,15,15,1,1,no,0,0,66,female
67,140,17000,17,White,12,12,12,8,5,no,0,0,67,male
60,130,6000,6,White,13,13,13,8,6,no,0,0,28,female
62,140,2500,2.5,White,11,NA,NA,8,1,no,0,0,58,female
72,163,40000,40,White,16,16,16,7,5,no,0,0,41,male
67,190,0,0,White,14,14,14,6,5,no,2,2,35,female
67,165,25000,25,White,16,16,16,8,2,no,1,1,39,male
68,170,15000,15,White,13,13,13,8,1,no,2,2,65,female
66,170,28000,28,Black,15,15,15,8,2,yes,0,0,60,female
66,136,33000,33,Black,12,12,12,8,1,no,1,1,45,female
68,210,5000,5,White,16,16,16,8,4,no,0,0,62,female
60,149,4000,4,White,8,NA,NA,8,1,no,7,7,64,female
67,150,0,0,White,12,12,NA,8,6,yes,7,7,29,female
65,130,4100,4.1,White,16,16,16,5,2,yes,0,0,30,male
60,89,5000,5,White,11,11,NA,1,1,no,0,0,76,male
69,135,25000,25,White,12,12,12,1,1,no,0,0,82,female
72,205,32000,32,White,12,12,NA,2,7,no,0,0,28,male
65,170,15000,15,Hispanic,9,9,9,8,1,yes,0,0,40,male
69,170,15000,15,White,14,14,14,7,3,yes,0,0,38,male
64,140,13000,13,White,8,NA,NA,8,1,yes,0,0,58,female
64,150,8000,8,Hispanic,8,8,8,1,4,no,0,0,27,male
62,100,0,0,Other,17,17,17,1,1,no,3,3,26,female
65,170,0,0,White,13,13,13,5,4,no,0,0,56,female
64,125,17000,17,White,12,12,12,8,2,no,1,1,38,female
67,137,15000,15,White,12,12,12,8,1,no,0,0,77,female
66,170,18000,18,White,13,13,13,8,4,no,0,0,32,male
73,165,12000,12,White,12,12,12,7,7,no,1,1,24,male
74,295,7000,7,White,7,7,7,7,1,no,1,1,49,male
66,121,0,0,White,12,12,12,2,2,no,2,2,24,female
65,130,1200,1.2,White,14,14,14,6,3,no,1,1,22,female
72,170,0,0,White,12,12,12,6,7,no,0,0,18,male
64,120,0,0,White,12,12,12,6,4,no,2,2,18,female
63,165,14000,14,White,12,12,12,1,1,yes,0,0,21,male
63,115,17000,17,White,12,12,12,2,1,yes,3,3,40,female
66,150,30000,30,White,12,12,12,8,2,no,3,3,42,male
69,196,5000,5,White,6,6,6,8,1,no,0,0,61,male
72,230,0,0,White,10,NA,NA,1,4,no,0,0,63,male
64,140,62000,62,White,12,12,12,7,1,no,0,0,81,female
70,260,25000,25,White,12,NA,NA,4,1,no,0,0,53,male
66,185,22000,22,Hispanic,12,12,12,5,2,no,0,0,33,female
63,130,15000,15,White,12,12,12,5,4,yes,2,2,21,female
73,210,27000,27,White,12,12,12,3,3,no,3,3,91,male
63,135,20000,20,White,16,16,16,3,5,no,0,0,26,female
69,160,9000,9,White,11,11,11,8,7,no,2,2,34,female
66,120,0,0,White,14,14,14,3,5,no,0,0,24,female
73,168,17000,17,White,12,12,NA,4,5,no,0,0,30,male
65,119,5000,5,White,14,14,14,8,1,no,4,4,21,female
71,145,15000,15,White,12,12,12,1,1,yes,4,4,21,male
68,160,1800,1.8,White,12,12,12,6,1,no,7,7,46,female
64,145,18000,18,White,12,12,12,3,1,no,1,1,46,female
63,120,25000,25,White,18,18,18,8,1,no,0,0,42,female
66,150,5000,5,Black,14,14,14,8,6,no,2,2,47,female
70,220,20000,20,Black,16,16,16,8,5,no,2,2,41,male
64,115,75000,75,White,15,15,15,7,4,no,1,1,40,female
66,170,3500,3.5,White,12,12,12,6,3,no,0,0,40,female
61,130,36000,36,White,12,NA,12,8,1,no,0,0,71,female
72,210,30000,30,White,12,12,12,5,3,yes,3,3,25,male
65,145,25000,25,White,13,13,13,1,7,yes,0,0,78,female
64,200,1000,1,White,14,14,14,3,1,no,4,4,26,female
68,187,60000,60,White,12,NA,NA,8,1,no,0,0,66,male
64,170,5000,5,White,12,NA,NA,1,1,no,1,1,73,female
74,195,35000,35,White,13,NA,13,8,1,no,0,0,76,male
67,160,9000,9,White,13,13,13,8,1,yes,0,0,33,male
70,184,35000,35,White,9,9,9,7,1,no,0,0,84,male
66,150,11000,11,White,10,10,10,6,1,yes,0,0,58,female
71,180,12000,12,White,12,12,12,8,6,no,0,0,52,male
71,170,30000,30,White,12,12,12,7,4,yes,0,0,43,male
71,155,19000,19,Black,7,NA,NA,8,1,yes,0,0,57,male
67,215,5000,5,White,12,12,NA,2,1,no,0,0,46,female
74,205,9000,9,White,9,NA,NA,1,1,yes,0,0,61,male
75,225,30000,30,White,16,16,16,7,2,no,0,0,29,male
62,118,0,0,White,12,12,12,4,1,no,5,5,33,female
72,150,9000,9,White,12,12,12,2,4,no,2,2,32,male
66,145,15000,15,Hispanic,16,16,16,6,5,no,0,0,30,female
65,135,8000,8,Black,12,12,12,8,5,no,3,3,31,female
70,175,25000,25,White,8,NA,NA,8,1,no,7,7,45,male
66,129,10000,10,White,10,10,10,4,1,no,0,0,75,female
72,160,33000,33,White,12,NA,12,8,4,no,1,1,37,male
70,175,5000,5,Black,10,NA,NA,8,7,no,0,0,60,male
72,185,5000,5,Black,5,NA,NA,1,1,no,0,0,83,female
64,237,15000,15,Black,9,NA,NA,8,1,no,0,0,65,female
60,140,12000,12,Hispanic,12,12,12,8,1,no,7,7,28,female
64,136,18000,18,White,15,15,15,3,4,yes,2,2,37,female
61,169,5000,5,Hispanic,8,8,8,5,1,no,0,0,33,female
66,181,15000,15,Black,12,12,12,6,1,no,0,0,59,female
65,193,30000,30,White,13,13,13,7,1,no,0,0,61,female
65,198,12500,12.5,White,12,12,12,5,4,no,3,3,32,female
62,145,10000,10,Black,12,NA,12,1,1,no,0,0,36,female
68,212,8500,8.5,Black,13,13,13,1,1,no,0,0,71,male
67,205,15000,15,White,13,13,13,1,2,no,0,0,36,female
73,175,21000,21,Black,14,14,14,8,1,no,0,0,46,male
63,122,0,0,White,12,12,12,8,6,no,0,0,29,female
64,153,21000,21,White,12,12,12,2,1,no,0,0,77,female
70,210,40000,40,White,12,12,12,7,2,no,0,0,47,male
66,135,0,0,White,13,13,13,7,6,no,0,0,24,female
68,160,21000,21,White,17,17,17,4,2,no,0,0,25,female
63,123,0,0,White,13,13,13,2,5,no,4,4,39,female
66,160,5000,5,White,12,12,12,4,1,no,0,0,52,female
71,153,22000,22,White,17,17,17,2,1,no,2,2,36,female
73,155,30000,30,White,14,14,14,8,4,no,0,0,26,male
64,185,0,0,White,12,12,12,3,1,yes,3,3,28,female
61,140,123000,123,White,14,14,14,8,3,no,0,0,58,female
63,190,8000,8,White,9,NA,9,8,1,no,4,4,45,female
63,140,0,0,White,9,NA,NA,1,1,yes,1,1,54,female
62,115,0,0,White,8,8,8,7,1,yes,0,0,56,female
64,145,2000,2,White,9,9,NA,3,1,no,0,0,25,female
67,195,7600,7.6,White,6,NA,6,5,1,no,0,0,62,female
67,145,0,0,White,12,12,12,1,1,no,2,2,18,female
66,157,5000,5,White,8,NA,NA,7,1,no,0,0,69,female
72,160,15000,15,White,14,14,14,7,5,no,2,2,22,male
66,135,5000,5,White,15,15,15,1,1,no,0,0,27,female
66,135,15000,15,Black,12,12,12,5,1,no,0,0,30,female
61,114,0,0,White,18,18,18,3,1,no,0,0,45,female
63,138,10000,10,White,12,12,12,2,1,no,4,4,25,female
73,244,35000,35,White,12,12,12,8,2,no,2,2,48,male
64,130,15000,15,White,12,12,12,1,1,no,7,7,26,female
66,158,15000,15,White,16,16,16,7,5,yes,0,0,57,female
70,155,4000,4,White,12,12,12,8,3,yes,0,0,22,female
68,165,16000,16,White,8,8,NA,2,6,no,0,0,24,male
67,128,200,0.2,White,12,12,12,7,1,no,0,0,33,female
74,195,23000,23,White,16,16,16,4,4,no,0,0,25,male
64,123,16000,16,White,16,16,16,8,5,yes,2,2,27,female
61,130,0,0,White,12,12,12,2,1,no,1,1,27,female
66,250,0,0,White,12,12,12,1,1,no,0,0,52,female
60,200,6000,6,White,12,12,12,2,1,no,3,3,49,female
59,125,600,0.6,White,9,9,9,8,1,no,0,0,46,female
62,160,0,0,Black,16,16,16,5,1,no,1,1,36,female
62,187,0,0,Black,14,14,14,8,1,no,2,2,61,female
62,124,25000,25,Black,12,12,12,7,1,no,7,7,21,female
62,210,0,0,White,12,12,12,1,1,no,0,0,25,female
75,201,28000,28,Other,16,16,16,8,6,yes,0,0,34,male
66,155,15000,15,White,8,NA,NA,6,1,yes,NA,NA,47,female
66,160,4000,4,White,8,8,8,4,1,no,2,2,66,female
64,129,15000,15,White,12,12,12,8,1,yes,2,2,35,male
71,172,15000,15,White,12,12,12,8,7,no,1,1,25,male
66,150,25000,25,White,18,18,18,5,2,no,0,0,36,female
70,170,5000,5,White,13,13,13,1,1,yes,0,0,61,male
61,117,0,0,White,10,NA,NA,2,6,yes,2,2,35,female
63,123,25000,25,White,12,12,12,4,5,yes,0,0,30,female
67,117,15000,15,White,12,12,12,5,1,no,1,1,26,female
74,230,15000,15,White,12,12,NA,4,1,no,0,0,49,female
69,180,40000,40,White,11,NA,NA,8,7,yes,0,0,44,male
70,255,30000,30,White,11,11,11,5,1,no,0,0,51,male
66,195,5000,5,White,12,12,12,8,1,yes,7,7,29,female
74,200,35000,35,White,14,14,14,8,7,no,0,0,34,male
65,200,16000,16,White,14,14,14,2,1,no,3,3,31,female
63,145,5000,5,White,12,12,12,3,1,no,7,7,36,female
64,128,28000,28,White,16,16,16,7,7,no,0,0,40,female
68,206,20000,20,White,15,15,15,1,2,no,7,7,42,male
66,140,21000,21,White,13,13,13,8,7,yes,7,7,30,male
69,210,17000,17,Black,12,NA,NA,7,4,yes,2,2,42,male
60,115,24000,24,White,13,13,13,7,1,yes,0,0,50,female
61,110,25000,25,White,12,12,12,8,1,no,0,0,75,female
75,162,40000,40,White,12,12,12,4,7,no,1,1,46,male
70,220,15000,15,White,9,9,9,2,2,no,0,0,25,male
63,145,0,0,Hispanic,9,9,9,8,3,no,7,7,23,female
69,150,0,0,White,13,13,13,6,6,no,0,0,20,male
66,165,0,0,White,16,16,16,7,1,no,0,0,63,female
64,120,8000,8,White,13,13,13,7,5,yes,1,1,19,female
63,175,19000,19,Hispanic,15,15,15,1,1,yes,0,0,45,female
64,178,5000,5,White,12,NA,12,1,1,no,0,0,76,female
64,120,10000,10,Hispanic,11,NA,NA,8,3,no,2,2,36,female
67,138,45000,45,White,16,16,16,7,6,yes,0,0,69,female
64,145,5000,5,Black,17,17,17,8,1,no,0,0,33,male
72,160,0,0,White,14,14,14,7,5,no,0,0,21,male
63,142,24000,24,Black,14,14,14,4,5,no,1,1,40,female
67,100,5000,5,White,14,14,14,4,5,no,1,1,19,female
63,155,15000,15,Hispanic,14,14,14,4,5,no,1,1,42,female
66,160,33000,33,White,16,16,16,7,7,no,0,0,34,male
65,125,24000,24,White,14,14,14,8,1,no,0,0,24,female
63,135,6000,6,White,13,13,13,4,1,no,0,0,23,female
66,129,90000,90,White,14,NA,NA,6,1,no,0,0,55,female
64,190,0,0,White,16,16,16,6,2,no,4,4,45,female
64,170,57000,57,White,18,18,18,7,6,no,0,0,47,female
68,125,15000,15,White,14,14,14,3,2,no,0,0,21,female
71,195,13800,13.8,White,14,14,14,4,1,yes,1,1,54,male
71,280,30000,30,White,18,18,18,4,2,no,1,1,37,male
72,155,15000,15,White,12,12,12,4,3,yes,3,3,40,male
60,115,15000,15,White,14,14,14,7,1,no,0,0,75,female
70,170,31000,31,White,12,12,12,8,7,no,1,1,29,male
74,180,33000,33,White,17,17,17,8,7,no,1,1,40,male
68,175,30000,30,White,18,18,18,8,1,no,0,0,61,male
74,218,12000,12,White,12,12,12,2,1,no,0,0,38,male
75,150,5000,5,White,12,12,12,6,1,no,0,0,22,male
68,171,21000,21,White,12,12,12,6,6,no,0,0,59,male
72,185,45000,45,White,12,12,12,8,7,yes,0,0,59,male
63,140,28000,28,White,18,18,18,2,4,no,0,0,46,female
71,225,25000,25,White,9,9,9,1,1,no,0,0,62,male
72,210,12000,12,White,12,12,12,3,2,no,2,2,31,male
64,170,19000,19,White,12,12,12,8,2,no,0,0,46,female
63,200,6000,6,White,14,14,14,8,1,no,6,6,35,female
66,230,5300,5.3,White,13,13,13,1,1,no,0,0,60,female
66,121,5000,5,Black,12,12,12,1,1,no,0,0,21,female
61,87,15000,15,White,13,13,13,1,4,no,7,7,28,female
60,110,5000,5,Black,2,NA,NA,1,1,no,0,0,90,male
62,120,0,0,White,12,12,12,2,2,no,3,3,29,female
65,145,15000,15,White,11,NA,NA,6,1,yes,0,0,59,female
73,215,17000,17,White,12,12,12,8,1,no,4,4,46,male
66,165,4700,4.7,Black,12,NA,12,5,1,no,6,6,78,female
67,139,5000,5,White,12,12,12,8,1,no,0,0,75,female
68,113,0,0,White,12,12,12,1,1,no,0,0,18,female
62,150,9500,9.5,White,12,12,12,3,1,no,0,0,65,female
65,150,1700,1.7,White,12,12,12,8,1,no,1,1,22,male
63,130,0,0,White,14,14,14,8,5,no,1,1,43,female
62,141,5400,5.4,White,12,12,12,6,1,yes,1,1,31,female
68,160,10000,10,White,12,12,12,7,2,no,0,0,31,male
59,99,25000,25,White,15,15,15,7,1,no,0,0,83,female
62,180,0,0,White,12,12,12,6,3,no,2,2,39,female
69,165,5000,5,White,13,13,NA,4,2,yes,0,0,38,male
70,135,25000,25,White,14,14,14,8,4,yes,2,2,33,female
66,180,15000,15,White,8,8,NA,8,1,no,0,0,82,male
64,102,0,0,White,9,9,9,8,1,yes,2,2,63,female
59,120,15000,15,White,12,NA,NA,1,1,no,0,0,82,female
62,100,25000,25,White,10,NA,NA,8,1,yes,0,0,73,female
68,190,30000,30,White,12,12,12,4,2,no,1,1,42,male
68,157,35000,35,White,16,16,16,7,5,no,2,2,43,female
63,220,25000,25,White,11,NA,NA,4,1,no,7,7,46,female
63,130,28000,28,White,18,18,18,4,2,no,0,0,44,female
63,100,42000,42,White,12,12,12,7,1,yes,5,5,40,female
68,170,45000,45,White,12,12,12,8,1,no,0,0,58,male
64,121,55000,55,White,12,12,12,8,7,no,1,1,51,female
65,128,5000,5,White,15,15,15,1,5,no,0,0,39,female
72,220,62000,62,White,17,17,17,6,1,no,2,2,55,male
70,135,36000,36,White,16,16,16,3,2,no,1,1,30,female
66,140,15000,15,White,12,12,12,1,1,no,0,0,81,female
70,155,25000,25,White,10,NA,NA,8,2,yes,0,0,31,male
72,220,19000,19,White,12,12,12,6,5,no,0,0,28,male
69,165,38000,38,White,11,11,11,4,2,no,0,0,50,male
63,120,15000,15,White,14,14,14,8,4,no,1,1,37,female
58,114,4500,4.5,White,5,NA,NA,1,1,no,0,0,85,female
63,115,96000,96,White,14,14,14,3,7,no,0,0,27,female
63,115,11000,11,White,12,12,12,8,1,no,0,0,47,female
73,312,9000,9,White,15,15,15,8,2,no,0,0,34,male
69,127,5000,5,White,14,14,14,7,7,no,0,0,24,female
70,160,50000,50,White,12,12,12,8,1,yes,0,0,51,male
66,115,0,0,White,12,NA,12,7,1,no,0,0,59,female
60,170,5000,5,White,15,15,NA,8,1,no,0,0,56,female
66,185,0,0,White,16,16,16,8,1,no,0,0,62,female
65,185,6000,6,White,13,13,13,8,1,no,0,0,44,female
72,180,100000,100,White,13,13,13,6,7,no,7,7,22,male
62,130,16500,16.5,White,13,13,13,7,1,no,1,1,46,female
72,200,25000,25,White,12,12,12,8,1,no,0,0,54,male
69,185,0,0,White,12,12,12,8,7,no,0,0,18,male
65,120,15000,15,Black,12,12,12,5,6,no,7,7,32,female
73,134,15000,15,Black,14,14,14,2,2,no,0,0,26,male
66,140,15000,15,Black,12,12,12,8,5,no,3,3,40,female
72,280,32000,32,White,14,14,14,7,1,no,0,0,40,male
73,230,30000,30,White,18,18,18,1,1,no,0,0,41,male
68,150,10000,10,White,16,16,16,4,1,no,0,0,42,female
59,180,15000,15,White,12,12,12,1,1,no,0,0,62,female
64,128,0,0,White,12,NA,NA,1,1,yes,1,1,35,female
66,125,15000,15,White,12,12,12,8,5,no,0,0,19,female
60,129,6500,6.5,White,8,8,8,5,1,no,0,0,83,female
60,124,26000,26,White,18,18,18,6,5,no,0,0,63,female
65,140,17000,17,White,12,12,12,8,3,no,0,0,59,female
63,150,22000,22,Other,18,18,18,8,1,no,0,0,59,female
64,145,10000,10,White,12,12,NA,8,1,no,0,0,41,female
71,165,50000,50,White,14,14,14,8,7,no,0,0,58,male
67,162,20000,20,White,12,12,12,6,1,no,0,0,35,male
63,145,5000,5,White,12,NA,NA,3,1,no,0,0,67,female
67,150,0,0,White,13,13,13,1,7,no,0,0,59,female
63,160,400,0.4,White,12,12,12,4,5,yes,3,3,31,female
72,160,30000,30,White,12,NA,NA,7,1,yes,0,0,67,male
65,125,16000,16,White,14,14,14,5,1,no,1,1,59,female
66,112,62000,62,White,14,14,14,6,2,no,1,1,43,female
66,160,10000,10,White,12,NA,NA,3,1,no,0,0,66,female
63,115,14000,14,White,13,13,13,4,6,no,0,0,58,female
65,112,5000,5,White,15,15,15,3,2,no,5,5,20,female
74,210,40000,40,White,16,16,16,5,4,no,0,0,34,male
67,170,5000,5,White,13,13,13,8,1,yes,2,2,55,female
68,185,25000,25,White,17,17,17,1,1,yes,0,0,47,female
65,150,12000,12,White,12,12,12,2,1,no,1,1,51,female
64,137,58000,58,White,16,16,16,4,7,no,5,5,34,female
68,128,18000,18,White,16,16,16,4,2,no,1,1,26,female
65,147,1000,1,White,12,12,12,7,5,no,0,0,18,male
72,265,21000,21,White,17,17,17,6,7,no,1,1,47,male
66,158,11000,11,Black,12,12,12,6,4,yes,0,0,62,male
69,220,15000,15,White,7,7,7,6,1,no,0,0,77,male
64,130,13000,13,White,12,12,12,3,1,no,4,4,36,female
64,140,0,0,White,12,12,12,8,1,yes,0,0,53,female
60,110,20000,20,Other,16,16,16,6,1,no,0,0,88,female
72,220,25000,25,Black,12,12,12,5,7,yes,1,1,35,male
70,205,5000,5,Hispanic,8,8,8,7,1,yes,0,0,74,male
64,130,600,0.6,White,12,12,12,5,1,no,0,0,43,female
67,190,25000,25,Black,14,14,14,2,4,no,1,1,26,male
69,178,15000,15,White,12,NA,12,8,1,yes,1,1,91,male
68,140,36000,36,White,12,12,12,2,2,yes,0,0,28,male
64,175,15000,15,Other,13,NA,13,1,1,no,0,0,33,female
64,142,35000,35,White,14,14,14,8,5,no,3,3,36,female
66,185,3500,3.5,White,12,12,12,8,1,no,0,0,51,female
65,120,19005,19.005,White,16,16,16,1,7,yes,1,1,34,female
70,170,62000,62,White,14,14,14,1,6,no,0,0,54,male
69,195,62000,62,White,16,16,16,7,1,no,0,0,35,male
70,135,25000,25,White,12,12,12,8,2,no,1,1,42,male
66,180,50000,50,White,12,NA,NA,8,1,no,0,0,52,male
64,180,0,0,White,12,12,12,1,1,yes,1,1,28,female
66,160,0,0,White,13,13,13,5,1,no,0,0,26,female
66,140,40000,40,White,12,12,12,8,6,yes,0,0,61,male
74,190,26000,26,White,18,18,18,2,4,no,1,1,26,male
66,132,5000,5,White,12,NA,12,8,1,no,0,0,72,female
62,120,22000,22,White,12,12,12,2,2,yes,0,0,48,female
66,164,21000,21,White,17,17,17,8,1,no,1,1,39,female
62,198,6108,6.108,White,12,12,12,1,1,no,0,0,65,female
65,145,30000,30,Black,18,18,18,8,4,yes,3,3,64,female
66,165,15000,15,White,11,NA,11,8,1,no,3,3,68,female
64,160,15000,15,White,12,12,12,2,2,no,0,0,79,female
63,129,6000,6,White,12,12,12,1,1,no,0,0,78,female
66,150,15000,15,White,8,NA,NA,6,1,no,0,0,75,female
71,173,27000,27,White,16,16,16,7,1,no,2,2,29,male
64,150,5000,5,Hispanic,10,10,NA,2,1,no,0,0,26,female
66,160,4000,4,White,16,16,16,7,1,no,7,7,42,female
62,165,4416,4.416,Other,6,NA,NA,5,1,no,2,2,72,female
66,144,5000,5,White,12,12,12,3,1,yes,0,0,39,female
64,225,5000,5,Black,9,NA,NA,3,1,yes,7,7,62,female
67,NA,30000,30,White,16,16,16,8,1,yes,0,0,33,female
62,130,0,0,White,12,12,12,8,6,no,0,0,76,female
63,125,5000,5,White,10,NA,NA,8,1,no,0,0,87,female
65,153,0,0,White,9,9,9,1,1,no,0,0,75,female
67,175,45000,45,White,18,18,18,1,7,no,0,0,40,male
61,130,18000,18,White,14,14,14,5,1,no,3,3,45,female
66,125,6000,6,White,15,15,15,8,6,no,0,0,22,female
61,155,0,0,White,12,12,NA,7,1,no,1,1,49,female
72,200,14000,14,White,12,12,12,4,4,no,0,0,24,male
69,125,35000,35,White,14,14,14,1,1,no,7,7,24,female
64,120,15000,15,White,16,16,16,8,6,yes,0,0,29,female
63,126,12000,12,Black,12,12,12,6,3,no,2,2,29,female
60,175,1000,1,White,12,NA,NA,5,7,no,7,7,47,female
70,195,32000,32,Black,15,15,15,2,2,no,1,1,33,male
66,155,15000,15,White,15,15,15,8,3,yes,0,0,25,female
69,210,62000,62,White,17,17,17,8,7,no,4,4,36,male
72,140,5000,5,White,12,12,12,5,6,no,0,0,20,male
73,185,1500,1.5,White,12,12,12,8,6,no,1,1,19,male
64,130,30000,30,White,12,12,12,8,6,no,0,0,18,female
66,138,5000,5,White,13,13,13,8,1,yes,0,0,19,female
65,150,3000,3,Black,16,16,16,3,1,no,0,0,23,female
71,165,35000,35,White,15,15,15,8,2,no,0,0,42,male
64,135,35000,35,White,12,12,12,7,5,no,7,7,42,female
63,114,0,0,White,12,12,12,4,4,no,0,0,45,female
63,132,0,0,White,16,16,16,7,6,no,7,7,29,female
72,175,70000,70,White,15,15,15,4,1,yes,0,0,48,male
67,140,21000,21,White,16,16,16,4,7,no,4,4,28,female
69,145,50000,50,White,11,11,11,2,5,no,1,1,18,male
71,175,15000,15,White,9,9,9,8,7,yes,3,3,21,male
68,132,0,0,Hispanic,10,NA,NA,2,2,yes,5,5,18,male
64,140,15000,15,White,12,NA,NA,1,1,yes,0,0,30,female
73,172,0,0,Black,12,12,12,5,7,no,2,2,20,male
62,142,5000,5,Black,9,NA,NA,8,1,no,7,7,63,female
66,150,9000,9,Black,8,8,8,2,1,no,0,0,35,female
68,190,25000,25,White,12,12,12,1,1,yes,0,0,37,male
64,185,15000,15,Black,14,14,14,6,1,no,0,0,63,female
63,140,10000,10,Black,14,14,14,8,5,no,1,1,25,female
65,125,0,0,White,12,12,12,6,1,yes,1,1,60,female
66,140,5000,5,Black,18,18,18,6,6,no,1,1,43,female
64,126,87000,87,White,12,12,12,8,1,no,1,1,81,male
71,175,30000,30,White,12,12,12,4,1,no,0,0,47,male
72,185,16000,16,White,14,NA,14,5,7,no,0,0,21,male
68,135,20000,20,White,12,12,12,8,2,yes,0,0,51,male
64,142,0,0,White,12,12,12,2,1,no,0,0,45,female
72,185,100000,100,White,17,17,17,5,1,no,0,0,54,male
72,240,62000,62,White,12,12,12,6,1,no,1,1,69,male
66,133,10000,10,White,12,12,12,6,1,no,0,0,43,female
72,147,62000,62,White,18,18,18,1,1,no,0,0,35,female
66,200,35000,35,White,14,14,14,7,2,no,0,0,63,male
65,135,7000,7,White,16,16,16,8,4,no,2,2,31,female
65,230,0,0,White,12,12,12,1,1,no,1,1,62,female
66,165,0,0,White,12,12,12,1,1,no,0,0,52,female
65,230,0,0,White,11,11,NA,2,4,no,7,7,38,female
71,180,8000,8,Black,14,14,NA,1,6,no,0,0,27,male
74,270,11000,11,White,10,10,10,5,1,yes,0,0,50,male
70,217,25000,25,White,9,9,NA,8,7,no,1,1,47,male
64,130,25000,25,White,14,14,14,4,1,yes,0,0,45,female
69,175,30000,30,White,14,14,14,1,1,no,1,1,48,male
63,120,15000,15,White,12,12,12,1,1,no,7,7,29,female
66,130,0,0,White,12,12,12,6,5,no,3,3,26,male
63,105,48000,48,White,18,18,18,4,7,yes,0,0,34,female
68,145,17000,17,White,12,12,NA,2,1,no,0,0,46,female
66,180,15000,15,White,12,NA,NA,4,1,no,0,0,69,male
78,200,25000,25,White,12,NA,NA,4,2,yes,0,0,64,male
71,111,0,0,White,8,NA,NA,8,1,no,0,0,70,female
73,167,26000,26,White,16,16,16,8,7,no,0,0,24,male
69,165,25000,25,White,12,12,12,8,1,no,0,0,32,male
63,185,10000,10,White,12,12,12,7,2,no,1,1,61,female
62,130,25000,25,White,18,18,18,6,1,yes,0,0,50,female
65,125,0,0,White,11,11,11,7,1,no,0,0,57,female
71,180,60000,60,White,18,18,18,8,5,no,0,0,53,male
65,115,22000,22,White,18,18,18,7,5,no,0,0,29,female
62,129,5000,5,White,12,12,12,5,6,no,0,0,20,female
70,180,15000,15,White,12,12,12,8,1,no,1,1,77,male
64,145,5000,5,White,12,12,12,3,7,no,0,0,64,female
72,215,15000,15,White,16,16,16,8,1,yes,7,7,44,male
64,145,6200,6.2,White,13,13,13,5,1,no,0,0,83,female
65,132,24000,24,White,16,16,16,2,2,yes,7,7,32,female
71,143,20000,20,White,14,14,14,8,7,no,2,2,40,male
70,150,7000,7,White,14,14,14,6,1,no,0,0,30,female
73,155,0,0,Black,12,12,12,1,6,no,1,1,19,male
67,115,5000,5,White,15,15,15,4,1,no,1,1,29,female
62,121,15000,15,White,12,NA,NA,7,6,yes,0,0,60,female
68,275,30000,30,Black,16,16,16,8,1,no,3,3,48,female
66,130,23000,23,White,18,18,18,8,7,no,3,3,28,female
64,130,20000,20,White,12,12,12,2,1,no,0,0,40,female
66,170,3000,3,White,16,16,16,8,6,no,1,1,29,female
63,135,0,0,White,12,12,12,4,7,no,5,5,31,female
70,140,30000,30,White,16,16,16,2,4,no,0,0,41,male
64,130,12000,12,White,14,14,14,8,5,no,1,1,23,female
66,150,35000,35,White,5,NA,NA,1,1,no,7,7,73,female
66,126,0,0,White,7,7,7,8,1,no,4,4,41,female
63,140,0,0,White,10,NA,NA,2,1,yes,4,4,37,female
71,190,40000,40,White,12,12,12,8,4,no,0,0,38,male
64,150,15000,15,White,14,14,14,4,1,no,5,5,23,female
63,153,36000,36,White,16,16,NA,4,1,no,7,7,45,female
66,145,10000,10,White,12,12,12,1,1,yes,0,0,53,female
63,225,0,0,White,11,NA,NA,4,1,no,0,0,65,female
68,120,13000,13,White,14,14,14,7,1,no,0,0,48,female
65,265,0,0,White,12,12,NA,1,1,yes,7,7,59,female
61,120,0,0,White,14,14,14,6,5,no,2,2,41,female
62,128,10000,10,Black,12,12,NA,2,1,no,6,6,27,female
69,175,30000,30,Hispanic,12,12,12,4,4,no,0,0,37,male
69,170,5000,5,White,11,11,11,5,5,no,1,1,18,male
65,140,25000,25,White,12,12,12,3,5,no,2,2,33,female
64,150,23000,23,White,13,13,13,8,1,yes,0,0,32,male
70,180,20000,20,White,17,17,17,8,4,no,0,0,68,male
65,130,19000,19,White,13,13,13,2,1,no,1,1,82,female
68,149,62000,62,White,16,16,16,6,7,no,1,1,60,female
61,132,20000,20,Black,11,11,11,7,7,no,0,0,66,male
64,180,28000,28,Black,14,14,14,5,7,no,0,0,63,male
65,119,13000,13,White,10,10,NA,8,1,no,7,7,80,female
64,185,12000,12,White,12,12,12,8,1,no,0,0,75,male
63,135,25000,25,White,18,18,18,1,1,no,6,6,36,female
69,140,20000,20,White,11,11,11,8,1,no,0,0,23,male
66,185,15000,15,White,14,14,14,8,1,no,0,0,62,female
61,123,15000,15,White,8,8,8,4,1,no,0,0,78,female
74,190,25000,25,White,12,12,12,8,5,yes,0,0,30,male
68,165,25000,25,White,13,13,13,5,6,no,0,0,52,female
68,155,0,0,White,12,12,12,2,7,no,1,1,34,female
65,205,0,0,White,14,14,14,4,1,no,2,2,41,female
67,132,18000,18,White,16,16,16,7,5,no,7,7,40,female
65,115,0,0,White,12,12,12,8,7,yes,7,7,18,female
64,120,0,0,White,18,18,18,4,1,no,0,0,46,female
62,170,6000,6,White,10,10,10,4,1,no,1,1,68,female
72,160,16000,16,White,13,13,13,8,6,no,7,7,23,male
73,175,45000,45,White,16,16,16,4,1,yes,0,0,38,male
60,115,15000,15,White,12,12,12,5,7,no,2,2,30,female
70,172,25000,25,White,14,14,14,6,1,no,1,1,69,male
64,145,12000,12,White,14,14,14,5,2,no,5,5,38,female
68,160,2000,2,White,12,12,12,2,5,no,0,0,18,female
63,110,10000,10,White,12,12,12,4,6,no,0,0,18,female
71,185,14000,14,White,12,12,12,8,1,no,7,7,36,male
64,200,15000,15,White,12,12,12,8,1,no,0,0,31,female
67,200,0,0,White,11,11,11,8,7,no,0,0,37,female
60,140,10000,10,White,12,NA,12,2,1,no,0,0,39,female
64,180,5000,5,White,10,NA,NA,1,1,no,0,0,70,female
66,157,1200,1.2,White,4,NA,4,3,1,yes,4,4,64,female
64,155,25000,25,White,12,NA,NA,8,1,no,0,0,74,female
59,113,15000,15,White,14,14,14,1,2,no,0,0,62,female
63,150,10000,10,White,13,13,13,8,1,no,1,1,64,female
66,140,2000,2,White,12,12,12,8,7,no,7,7,18,male
66,125,0,0,White,12,12,12,3,2,yes,7,7,35,female
65,NA,4000,4,White,13,13,13,3,1,yes,2,2,33,female
70,140,5000,5,White,8,NA,NA,8,1,yes,0,0,58,male
64,145,10000,10,White,14,14,14,3,2,no,3,3,32,female
61,NA,5000,5,White,13,13,13,8,3,yes,1,1,22,female
66,123,15000,15,White,12,NA,NA,6,1,yes,0,0,28,female
61,96,5000,5,Hispanic,16,16,16,7,6,no,0,0,22,female
66,108,1500,1.5,White,12,12,12,8,1,no,1,1,23,female
66,145,18000,18,Hispanic,17,17,17,8,7,no,0,0,26,male
73,175,4000,4,White,15,15,15,5,5,no,0,0,24,male
72,150,28000,28,White,16,16,16,7,5,no,0,0,26,male
74,180,10000,10,White,14,14,14,8,6,no,0,0,22,female
65,118,3000,3,White,16,16,16,8,5,no,1,1,22,female
64,110,0,0,White,14,14,NA,5,5,no,3,3,31,female
62,125,25000,25,White,18,18,18,8,1,no,1,1,68,female
71,240,12000,12,White,12,12,12,3,3,no,1,1,21,male
62,147,15000,15,White,12,12,12,2,1,no,0,0,77,female
68,158,19000,19,White,13,13,13,8,1,yes,0,0,45,female
61,235,0,0,White,12,12,12,2,1,yes,2,2,33,female
70,184,36000,36,White,16,16,16,2,1,yes,1,1,39,male
64,180,7000,7,White,16,16,16,5,6,no,0,0,59,female
59,85,35000,35,White,11,11,11,8,4,yes,0,0,34,female
68,168,40000,40,White,18,18,18,7,1,no,0,0,43,male
68,130,15000,15,White,14,14,14,3,1,yes,0,0,25,male
69,130,8000,8,White,13,13,13,2,1,yes,0,0,43,female
69,190,25000,25,White,14,14,14,8,1,no,0,0,55,female
72,185,20000,20,White,12,12,12,1,7,no,0,0,23,male
75,214,28000,28,White,18,18,18,7,6,no,0,0,38,male
69,180,22000,22,White,14,14,14,1,4,no,7,7,35,male
71,150,15000,15,White,14,14,14,1,5,no,0,0,31,male
72,210,21500,21.5,Black,13,13,13,7,7,no,7,7,24,male
68,160,3000,3,White,12,12,12,8,2,yes,4,4,23,female
64,110,25000,25,Other,12,12,NA,8,1,no,2,2,22,female
72,190,23000,23,White,13,13,NA,7,4,no,7,7,28,male
66,165,15000,15,White,18,18,18,8,4,no,0,0,41,female
72,197,18000,18,White,12,12,12,8,1,no,0,0,73,male
67,128,5000,5,Hispanic,8,NA,8,8,7,yes,0,0,20,male
67,156,20000,20,White,16,16,16,8,5,no,0,0,71,male
66,150,62000,62,White,14,14,14,8,1,no,1,1,59,female
72,164,62000,62,White,14,14,14,7,7,no,0,0,72,male
64,120,5000,5,White,13,13,NA,8,1,no,0,0,69,female
63,110,16000,16,Hispanic,12,12,12,7,1,no,7,7,46,female
69,181,15000,15,White,12,12,12,7,4,yes,3,3,26,male
63,118,53000,53,Hispanic,17,17,17,4,6,yes,0,0,32,female
70,200,15000,15,Hispanic,17,17,17,8,1,no,0,0,56,male
72,162,26000,26,White,12,NA,12,1,7,no,7,7,27,male
70,145,20000,20,White,12,12,12,3,3,yes,0,0,33,female
65,110,4000,4,Other,12,12,12,7,6,yes,1,1,28,female
73,200,10000,10,White,16,16,16,8,7,no,1,1,59,male
75,220,25000,25,White,12,12,12,8,3,yes,0,0,33,male
69,230,43000,43,White,12,12,12,2,1,no,0,0,51,male
69,180,17000,17,Other,14,14,14,4,4,yes,0,0,33,male
61,230,4000,4,Hispanic,12,12,12,5,5,no,3,3,38,female
71,185,87000,87,White,18,18,18,4,4,no,0,0,55,male
72,175,30000,30,Hispanic,13,13,13,8,7,no,5,5,23,male
65,135,25000,25,White,16,16,16,6,5,no,7,7,32,female
73,195,50000,50,White,15,15,15,8,2,no,7,7,48,male
64,123,25000,25,White,18,18,18,8,5,yes,0,0,56,female
67,137,55000,55,White,18,18,18,8,7,no,3,3,51,female
63,145,28000,28,White,16,16,16,4,5,no,5,5,41,female
66,160,0,0,White,12,12,12,8,4,no,0,0,48,female
72,150,15000,15,White,7,NA,NA,8,1,yes,0,0,69,male
64,135,5000,5,White,12,12,12,1,4,no,0,0,32,female
62,200,5000,5,White,14,14,14,1,1,no,2,2,48,female
65,130,18000,18,White,13,13,13,5,1,no,1,1,49,female
72,175,21000,21,Hispanic,15,NA,NA,8,7,no,0,0,62,male
59,180,15000,15,Hispanic,9,NA,9,6,2,yes,4,4,44,female
67,115,12000,12,White,12,12,NA,8,1,yes,1,1,33,female
65,164,33000,33,Hispanic,16,16,16,1,1,no,0,0,62,female
64,140,15000,15,White,16,NA,NA,1,1,no,0,0,81,female
72,175,50000,50,Hispanic,13,13,13,8,1,yes,2,2,64,male
65,231,6000,6,Hispanic,9,9,NA,4,1,no,0,0,74,female
64,140,16000,16,White,14,14,14,5,6,no,2,2,59,female
68,150,35000,35,White,12,12,12,4,6,yes,2,2,50,male
68,260,25000,25,White,12,12,NA,8,1,no,7,7,43,female
66,155,35000,35,White,17,17,17,8,2,no,1,1,41,female
76,210,20000,20,White,14,NA,14,8,5,no,0,0,26,male
63,118,18000,18,White,12,12,12,7,5,no,3,3,36,female
74,225,34000,34,White,14,14,14,3,6,no,0,0,78,male
68,155,25000,25,White,16,16,16,7,7,no,0,0,25,male
61,110,15000,15,White,14,14,14,1,5,yes,0,0,65,female
64,140,20000,20,White,16,16,16,2,1,yes,0,0,54,female
72,200,20000,20,White,17,17,17,8,1,no,0,0,77,male
68,170,33000,33,White,12,12,12,7,7,no,0,0,69,male
71,150,20000,20,White,12,NA,NA,4,1,no,0,0,66,male
63,126,15000,15,White,12,12,12,8,1,no,0,0,76,female
65,158,4000,4,White,12,12,12,7,7,no,0,0,73,female
60,130,20000,20,White,8,NA,NA,2,1,no,0,0,77,female
72,200,40000,40,White,16,16,NA,3,2,yes,0,0,33,male
64,132,14000,14,White,14,14,14,7,4,yes,3,3,40,female
68,170,12000,12,White,12,12,12,1,1,yes,0,0,48,female
61,105,25000,25,White,12,12,12,1,2,no,0,0,31,female
63,136,10000,10,White,17,NA,NA,2,1,no,0,0,60,female
67,138,70000,70,White,10,NA,NA,8,1,yes,0,0,72,female
67,140,38000,38,White,17,17,17,5,5,no,7,7,55,female
63,125,14000,14,White,12,12,12,5,7,no,5,5,28,female
71,164,62000,62,White,18,NA,NA,8,4,no,0,0,76,male
63,108,0,0,White,15,15,15,4,3,no,2,2,33,female
60,100,15000,15,White,13,13,13,1,7,no,0,0,37,female
74,215,17000,17,White,16,16,16,3,1,no,0,0,31,male
66,125,25000,25,White,15,15,15,7,6,no,0,0,24,female
69,158,60000,60,White,14,14,14,8,2,no,0,0,66,male
67,180,15000,15,White,15,NA,15,6,1,no,2,2,69,female
65,145,25000,25,White,16,16,16,8,1,no,0,0,86,male
62,131,18000,18,Hispanic,12,12,12,8,1,no,0,0,63,male
65,145,0,0,White,12,12,12,1,1,no,0,0,55,male
64,140,45000,45,White,17,17,17,7,4,no,0,0,54,female
72,175,70000,70,White,18,18,18,7,4,yes,0,0,47,male
66,NA,0,0,Hispanic,11,11,11,7,1,no,4,4,49,female
65,130,30000,30,White,18,NA,18,8,1,NA,0,0,59,female
67,167,100000,100,White,15,15,15,1,1,no,0,0,72,female
62,145,8000,8,White,12,12,12,1,1,no,0,0,51,female
71,185,30000,30,White,16,16,16,4,6,no,0,0,34,male
62,115,0,0,White,11,11,11,6,1,yes,7,7,26,female
71,192,27000,27,White,14,14,14,5,1,yes,0,0,32,male
70,270,47000,47,White,18,18,18,8,7,no,1,1,43,male
67,135,12000,12,Hispanic,12,12,12,7,7,no,0,0,22,male
72,190,35000,35,White,16,16,16,4,2,yes,0,0,70,male
62,130,24000,24,White,17,17,17,5,1,no,1,1,34,female
63,165,13000,13,Hispanic,12,12,12,7,1,no,0,0,35,female
61,102,80000,80,White,14,14,14,4,3,yes,2,2,37,female
72,130,5000,5,White,12,12,12,7,5,no,3,3,18,male
65,110,0,0,White,12,12,12,8,6,no,7,7,28,female
63,153,25000,25,White,10,10,10,8,6,yes,0,0,60,female
66,240,28000,28,White,12,12,NA,4,3,no,2,2,44,male
64,125,8000,8,White,15,15,15,8,6,no,0,0,20,female
66,110,10000,10,White,13,13,13,8,6,yes,1,1,51,female
68,155,9000,9,White,14,14,14,1,3,no,0,0,41,female
60,150,20000,20,White,12,12,12,8,1,no,0,0,37,female
65,200,12000,12,White,12,NA,NA,5,1,no,0,0,71,male
65,130,15000,15,White,14,14,14,6,1,no,0,0,66,female
61,110,20000,20,White,14,14,14,8,7,yes,7,7,36,female
68,200,15000,15,White,16,16,16,5,2,no,0,0,55,female
64,134,28000,28,White,14,14,14,7,6,no,7,7,36,female
66,140,265,0.265,White,15,15,15,4,3,no,0,0,21,female
69,157,35000,35,White,14,14,14,7,1,no,0,0,74,male
67,NA,25000,25,White,12,12,12,5,5,no,0,0,30,female
66,165,26000,26,Hispanic,14,14,14,7,1,no,2,2,32,female
67,118,27000,27,White,17,17,17,4,1,no,4,4,34,female
68,180,14000,14,White,12,12,12,2,2,no,7,7,30,female
66,140,32000,32,White,16,16,16,2,3,yes,2,2,33,male
69,112,10000,10,White,14,14,14,6,1,yes,1,1,32,female
72,135,15000,15,White,12,12,12,6,1,no,0,0,26,male
69,190,7000,7,White,16,16,16,7,5,no,0,0,30,male
71,182,28000,28,White,17,17,17,3,4,yes,0,0,46,male
74,250,60000,60,White,13,13,13,2,1,no,5,5,54,male
60,130,25000,25,White,14,14,14,8,1,no,0,0,69,female
69,170,12000,12,White,4,4,4,6,1,no,0,0,62,male
65,NA,0,0,White,13,13,13,8,1,yes,1,1,63,female
65,NA,0,0,White,12,12,12,4,2,no,0,0,46,female
75,200,15000,15,White,13,13,13,5,1,no,0,0,75,female
65,125,40000,40,White,14,14,14,7,1,no,0,0,69,female
63,110,25000,25,White,16,16,16,6,1,no,0,0,75,female
72,135,15000,15,White,6,NA,NA,7,1,no,0,0,81,male
60,112,35000,35,White,12,12,12,1,7,yes,7,7,36,female
72,225,15000,15,White,11,NA,NA,4,1,yes,1,1,63,male
64,120,26000,26,White,15,15,15,3,2,no,3,3,32,female
59,100,0,0,Black,12,12,12,1,1,yes,0,0,43,female
71,170,0,0,Other,12,12,12,7,7,no,0,0,20,male
72,165,26000,26,Hispanic,16,16,16,8,7,no,0,0,25,male
63,108,18720,18.72,Black,10,10,NA,8,1,yes,7,7,36,female
68,155,0,0,Black,12,12,12,8,6,no,7,7,22,female
62,148,5000,5,Other,11,NA,NA,8,1,no,0,0,59,female
64,152,12000,12,Black,12,NA,NA,2,1,no,0,0,73,female
70,210,80000,80,White,17,17,17,8,3,no,0,0,39,male
66,120,48000,48,White,13,13,13,8,6,no,0,0,39,female
63,125,5000,5,White,18,18,18,7,6,no,0,0,25,female
62,135,18000,18,Other,16,16,16,8,1,no,2,2,27,male
70,150,85000,85,White,15,15,15,8,1,no,0,0,65,male
64,175,35000,35,Black,12,12,12,1,5,yes,2,2,47,female
69,150,5000,5,White,16,16,16,8,6,no,0,0,22,male
64,140,9000,9,Hispanic,13,13,13,2,4,no,0,0,22,female
67,125,30000,30,White,16,16,16,8,6,no,3,3,27,female
72,250,80000,80,White,14,14,14,8,1,yes,0,0,58,male
65,124,35000,35,White,16,16,16,1,7,no,4,4,32,female
63,210,12000,12,White,14,14,14,4,1,yes,1,1,34,female
70,190,200000,200,White,18,18,18,6,5,no,7,7,34,male
64,128,4000,4,White,16,16,16,6,7,no,0,0,45,female
68,165,2000,2,White,12,12,12,1,7,no,1,1,18,male
66,190,24000,24,White,18,18,18,3,1,yes,0,0,69,female
66,165,2000,2,Hispanic,15,15,15,8,5,no,0,0,23,male
70,185,15000,15,White,17,17,17,8,4,no,0,0,30,male
70,225,15000,15,White,12,12,12,8,1,no,0,0,65,male
62,150,6000,6,White,12,12,12,1,1,no,0,0,65,female
66,150,5000,5,White,12,12,NA,8,1,no,0,0,75,male
66,130,1500,1.5,Hispanic,12,NA,12,5,7,no,7,7,21,female
64,130,28000,28,White,18,18,18,5,2,no,0,0,48,female
70,150,9000,9,White,12,12,12,8,3,no,0,0,35,female
74,175,60000,60,White,14,14,14,7,6,no,0,0,52,male
66,150,1200,1.2,White,12,12,12,4,1,no,0,0,19,male
62,185,1400,1.4,Hispanic,3,3,3,1,1,no,0,0,64,female
68,160,15000,15,White,16,16,NA,8,7,yes,0,0,26,female
66,180,7000,7,White,13,13,13,1,1,no,0,0,43,female
70,190,25000,25,White,12,NA,NA,7,1,no,1,1,72,male
62,130,21000,21,White,12,12,12,1,2,no,7,7,31,female
69,107,44000,44,White,12,12,12,1,6,no,0,0,58,male
68,164,29000,29,Black,16,16,16,8,7,no,0,0,36,male
72,165,3000,3,Hispanic,14,14,14,8,1,no,4,4,18,male
64,140,12000,12,Black,13,13,13,2,7,no,0,0,22,male
64,110,0,0,Hispanic,16,16,16,1,1,no,7,7,19,female
60,200,0,0,Hispanic,9,9,9,1,1,no,0,0,39,female
72,195,20000,20,Hispanic,12,12,12,8,4,no,0,0,28,male
62,146,1200,1.2,Black,5,NA,NA,8,4,no,0,0,73,female
64,104,25000,25,White,12,12,12,7,1,yes,1,1,30,female
74,215,37000,37,White,16,16,16,2,7,no,3,3,25,male
66,150,8000,8,Other,10,NA,NA,7,1,no,3,3,60,male
68,135,35000,35,Hispanic,16,16,16,8,4,no,3,3,30,male
67,145,25000,25,Hispanic,14,14,14,7,7,no,0,0,23,male
62,110,25000,25,Other,14,14,14,6,3,no,0,0,37,male
71,160,18000,18,White,10,10,10,5,7,no,7,7,29,female
63,130,30000,30,Black,16,16,16,8,2,no,4,4,36,female
66,133,5000,5,Other,14,14,14,8,7,no,3,3,27,male
69,165,20000,20,White,18,18,18,8,6,no,0,0,69,male
71,160,12000,12,Hispanic,6,6,6,1,2,no,0,0,40,male
64,180,0,0,Hispanic,12,NA,NA,1,7,no,0,0,65,female
66,125,10000,10,White,12,12,12,6,1,no,0,0,68,female
72,195,18000,18,White,14,NA,NA,8,1,no,2,2,48,male
62,115,0,0,Hispanic,15,15,15,8,1,no,0,0,59,female
65,130,15000,15,Hispanic,12,12,12,7,7,no,7,7,20,female
72,181,20000,20,Black,12,NA,NA,1,1,no,0,0,26,male
68,150,31000,31,White,16,16,16,8,7,no,1,1,43,female
70,160,25000,25,Black,12,NA,NA,4,2,no,0,0,56,male
64,150,6000,6,Hispanic,10,10,10,1,6,yes,0,0,36,male
64,140,0,0,White,12,12,12,8,7,no,0,0,38,female
68,182,35000,35,Black,12,12,12,1,1,yes,2,2,70,male
70,150,12000,12,White,13,13,13,1,1,no,0,0,40,male
66,155,13000,13,White,16,16,16,3,5,no,0,0,33,female
67,210,26000,26,White,17,17,17,2,1,no,0,0,34,female
68,130,15000,15,Black,11,11,11,2,2,yes,7,7,31,female
64,140,30000,30,White,17,17,17,4,6,no,0,0,28,female
65,122,2000,2,White,14,14,14,8,7,no,0,0,41,female
70,150,5000,5,Other,13,13,13,4,2,no,3,3,22,male
71,150,53000,53,White,14,14,14,1,1,yes,1,1,26,female
64,127,0,0,White,12,12,12,8,7,no,3,3,36,female
62,102,2000,2,White,13,13,13,1,1,no,7,7,18,female
71,155,25000,25,White,17,17,17,2,7,no,1,1,29,male
74,185,5000,5,White,12,12,12,8,7,yes,0,0,18,male
64,105,21000,21,White,13,13,13,4,1,no,1,1,27,female
64,NA,15000,15,White,14,14,14,8,1,no,0,0,19,female
70,130,17000,17,White,15,15,15,7,6,no,1,1,27,female
73,155,5000,5,White,16,16,16,7,7,no,0,0,22,male
64,135,12000,12,White,13,13,13,5,2,yes,2,2,37,female
70,230,42000,42,Hispanic,14,14,14,4,1,no,0,0,44,male
74,205,21000,21,White,12,12,12,1,7,no,4,4,33,male
63,170,6000,6,Hispanic,12,12,12,8,1,yes,0,0,65,female
59,107,0,0,Hispanic,12,12,12,2,1,yes,5,5,46,female
74,190,25000,25,White,14,14,14,1,5,no,0,0,24,male
66,119,3000,3,White,14,14,14,6,3,no,0,0,19,female
65,150,3600,3.6,White,15,NA,15,7,1,no,0,0,67,female
71,155,4000,4,White,12,12,12,8,7,no,4,4,19,male
69,160,20000,20,White,14,NA,14,8,5,no,0,0,58,male
72,160,45000,45,White,18,18,18,1,4,no,0,0,38,male
70,165,136500,136.5,White,16,16,16,6,4,no,0,0,51,male
60,220,52000,52,White,15,15,15,4,2,no,0,0,50,male
64,130,60000,60,White,12,12,12,4,2,no,1,1,43,female
64,122,15000,15,White,13,NA,NA,5,4,no,7,7,41,female
72,190,90000,90,White,16,16,16,8,7,no,0,0,50,male
63,160,35000,35,White,12,NA,NA,8,1,no,2,2,38,female
72,156,25000,25,Hispanic,13,13,13,1,6,yes,3,3,19,male
66,185,15000,15,White,12,12,12,1,1,no,1,1,76,male
61,180,26000,26,White,14,14,14,7,1,no,2,2,65,female
62,150,0,0,Hispanic,13,NA,NA,5,1,yes,7,7,32,female
69,140,2000,2,White,12,12,12,8,7,no,0,0,21,male
67,145,16000,16,White,12,NA,12,8,1,no,0,0,61,female
65,130,24000,24,Hispanic,11,NA,NA,1,1,no,4,4,27,female
68,172,15000,15,Hispanic,16,16,16,4,5,no,0,0,28,male
74,170,42000,42,White,17,17,17,8,3,no,0,0,43,male
63,150,0,0,White,15,15,15,8,7,yes,0,0,48,female
65,135,10000,10,White,12,12,12,1,5,yes,7,7,43,female
71,220,17000,17,Hispanic,13,13,13,7,6,no,0,0,36,male
64,NA,30000,30,White,14,14,14,3,2,no,7,7,34,female
65,120,0,0,White,16,16,16,5,3,no,2,2,22,female
69,160,32000,32,White,17,17,17,2,1,no,0,0,37,female
64,135,36000,36,Hispanic,17,17,17,2,7,no,0,0,34,female
72,190,10000,10,Hispanic,13,13,13,8,7,no,0,0,20,male
63,130,20000,20,White,15,15,15,8,5,no,5,5,29,female
65,110,24000,24,White,12,12,12,7,2,no,1,1,29,female
72,180,17000,17,White,12,12,12,8,1,yes,2,2,32,male
65,137,23000,23,White,14,14,14,5,3,no,0,0,48,female
64,125,25000,25,White,12,12,NA,4,2,no,2,2,33,female
71,200,50000,50,White,12,12,12,4,2,no,0,0,50,male
63,145,0,0,White,14,14,14,8,7,no,2,2,39,female
62,120,20000,20,White,12,12,12,1,2,no,7,7,30,female
66,145,30000,30,White,16,16,16,2,7,no,0,0,33,female
64,190,7000,7,White,10,10,10,2,1,yes,0,0,39,female
67,120,7000,7,White,10,10,10,7,3,no,0,0,78,male
68,185,30000,30,White,11,11,11,6,7,no,2,2,32,male
66,130,3000,3,White,12,12,NA,1,6,no,0,0,24,female
66,145,20000,20,White,14,14,14,8,1,yes,0,0,43,female
66,139,40000,40,White,16,16,16,7,1,yes,0,0,59,female
67,150,10000,10,White,12,12,12,7,1,no,0,0,77,male
66,240,16000,16,White,12,12,12,8,7,no,0,0,37,male
63,225,11000,11,White,9,9,9,3,1,no,2,2,51,female
68,175,16000,16,White,13,13,13,2,1,yes,3,3,43,female
70,185,18000,18,White,12,12,12,4,5,no,0,0,27,male
63,115,12000,12,White,16,16,16,8,7,no,0,0,26,female
70,170,4000,4,Black,14,14,NA,7,5,yes,7,7,21,male
72,195,60000,60,White,12,12,12,1,1,yes,1,1,45,male
75,180,43000,43,White,17,17,17,8,7,no,0,0,40,male
62,180,31000,31,White,14,14,14,8,1,no,2,2,39,female
68,150,50000,50,White,17,17,17,7,4,no,2,2,39,female
68,165,27000,27,White,14,14,14,7,1,no,0,0,29,female
70,158,30000,30,White,17,17,17,8,1,no,0,0,56,male
73,195,12000,12,Black,13,NA,NA,8,7,no,1,1,21,male
66,160,136500,136.5,White,18,18,18,8,7,no,0,0,49,male
69,124,0,0,White,16,16,16,1,4,no,4,4,39,female
62,140,20000,20,White,17,17,17,7,1,yes,2,2,30,female
60,120,15000,15,Black,12,12,12,1,1,no,0,0,76,female
64,150,25000,25,Other,16,16,16,4,1,yes,0,0,37,female
68,190,5000,5,Hispanic,12,12,12,1,1,yes,4,4,21,male
60,125,2000,2,Hispanic,6,NA,NA,8,1,no,0,0,67,female
60,140,5000,5,White,14,14,14,8,7,no,0,0,68,female
73,170,3000,3,Hispanic,15,15,15,8,6,no,1,1,20,male
64,138,25000,25,Black,16,16,NA,2,2,no,1,1,40,female
66,130,110000,110,Other,18,18,18,8,1,no,1,1,48,female
69,155,55000,55,White,18,18,18,4,1,no,0,0,71,male
70,170,58000,58,White,18,18,18,8,1,no,1,1,53,male
70,165,10000,10,White,16,16,16,1,6,no,6,6,36,female
72,165,19000,19,White,12,12,12,8,2,no,0,0,29,male
61,120,15000,15,White,18,18,18,6,1,no,0,0,82,female
64,130,8000,8,White,12,12,12,1,1,yes,7,7,33,female
72,194,60000,60,White,12,12,12,2,1,no,0,0,50,male
63,155,15000,15,Other,14,14,14,6,1,no,2,2,69,female
68,150,6000,6,White,12,12,12,1,6,yes,2,2,27,male
