order,family,species,mass,bmr
Artiodactyla,Antilocapridae,Antilocapra americana,34779.3,50.973
Artiodactyla,Bovidae,Bos taurus,347000,306.77
Artiodactyla,Bovidae,Cephalophus monticola,4200,10.075
Artiodactyla,Bovidae,Connochaetes taurinus,196500,230.073
Artiodactyla,Bovidae,Kobus ellipsiprymnus,100000,148.949
Artiodactyla,Bovidae,Madoqua kirkii,4290,11.966
Artiodactyla,Bovidae,Oreamnos americanus,32000,46.414
Artiodactyla,Bovidae,Ovis canadensis,67030.8,114.674
Artiodactyla,Bovidae,Raphicerus campestris,9600,20.619
Artiodactyla,Bovidae,Taurotragus oryx,141403.7,190.209
Artiodactyla,Camelidae,Camelus dromedarius,407000,224.779
Artiodactyla,Camelidae,Lama glama,115000,148.94
Artiodactyla,Canidae,Cervus elaphus,67000,112.43
Artiodactyla,Cervidae,Alces alces,325000,286.847
Artiodactyla,Cervidae,Capreolus capreolus,21500,46.347
Artiodactyla,Cervidae,Odocoileus virginianus,61862.5,123.447
Artiodactyla,Cervidae,Rangifer tarandus,85000,119.66
Artiodactyla,Suidae,Sus scrofa,135000,104.15
Artiodactyla,Tayassuidae,Pecari tajacu,20500,33.165
Artiodactyla,Tragulidae,Tragulus javanicus,1615.5,4.883
Carnivora,Canidae,Alopex lagopus,3600,7.665
Carnivora,Canidae,Canis latrans,10148.9,19.423
Carnivora,Canidae,Canis mesomelas,7720,21.533
Carnivora,Canidae,Cerdocyon thous,5444,8.502
Carnivora,Canidae,Lycaon pictus,8750,33.01
Carnivora,Canidae,Vulpes velox,1769,4.948
Carnivora,Canidae,Vulpes vulpes,4580.3,13.731
Carnivora,Canidae,Vulpes zerda,1159.2,2.693
Carnivora,Felidae,Acinonyx jubatus,38446.1,61.77
Carnivora,Felidae,Felis concolor,37200,49.326
Carnivora,Felidae,Herpailurus yaguarondi,8400,9.69
Carnivora,Felidae,Leopardus pardalis,10500,17.439
Carnivora,Felidae,Leopardus wiedii,3600,5.227
Carnivora,Felidae,Leptailurus serval,1012,1.44
Carnivora,Felidae,Lynx rufus,9400,23.542
Carnivora,Felidae,Panthera leo,98000,94.58
Carnivora,Felidae,Panthera onca,50400,62.419
Carnivora,Felidae,Panthera tigris,137900,133.859
Carnivora,Herpestidae,Galerella sanguinea,519.6,2.202
Carnivora,Herpestidae,Herpestes javanicus,611,2.248
Carnivora,Herpestidae,Suricata suricatta,850,1.729
Carnivora,Hyaenidae,Hyaena hyaena,34300,31.954
Carnivora,Hyaenidae,Proteles cristatus,7902.6,11.563
Carnivora,Mustelidae,Eira barbara,2950,6.811
Carnivora,Mustelidae,Enhydra lutris,26832.8,98.479
Carnivora,Mustelidae,Gulo gulo,12700,31.765
Carnivora,Mustelidae,Lutra lutra,10000,25.104
Carnivora,Mustelidae,Martes americana,966.5,3.579
Carnivora,Mustelidae,Martes martes,920,4
Carnivora,Mustelidae,Meles meles,11050,16.647
Carnivora,Mustelidae,Mustela erminea,125.5,1.276
Carnivora,Mustelidae,Mustela frenata,225,1.344
Carnivora,Mustelidae,Mustela vison,660,2.722
Carnivora,Mustelidae,Spilogale putorius,624,1.674
Carnivora,Mustelidae,Taxidea taxus,9000,15.062
Carnivora,Phocidae,Phoca fasciata,54000,118.59
Carnivora,Phocidae,Phoca groenlandica,150000,168.93
Carnivora,Phocidae,Phoca vitulina,27400,73.29
Carnivora,Procyonidae,Ailurus fulgens,5740,4.898
Carnivora,Procyonidae,Bassariscus sumichrasti,1280,3.537
Carnivora,Procyonidae,Nasua narica,3670,6.733
Carnivora,Procyonidae,Nasua nasua,3924.3,5.591
Carnivora,Procyonidae,Potos flavus,2318,4.294
Carnivora,Procyonidae,Procyon cancrivorus,1160,2.588
Carnivora,Procyonidae,Procyon lotor,4842.2,10.428
Carnivora,Ursidae,Melursus ursinus,66957,47.064
Carnivora,Viverridae,Arctictis binturong,14280,12.747
Carnivora,Viverridae,Arctogalidia trivirgata,2010,3.085
Carnivora,Viverridae,Fossa fossana,2260,5.09
Carnivora,Viverridae,Genetta tigrina,1699,4.189
Carnivora,Viverridae,Nandinia binotata,4270,5.565
Carnivora,Viverridae,Paradoxurus hermaphroditus,3282.6,5.534
Chiroptera,Emballonuridae,Peropteryx macrotis,5,0.065
Chiroptera,Emballonuridae,Saccopteryx bilineata,7.8,0.081
Chiroptera,Hipposideridae,Rhinonycteris aurantius,8.3,0.09
Chiroptera,Megadermatidae,Macroderma gigas,126,0.639
Chiroptera,Molossidae,Eumops perotis,56,0.222
Chiroptera,Molossidae,Molossus molossus,15.6,0.126
Chiroptera,Molossidae,Nyctinomops laticaudatus,14,0.062
Chiroptera,Molossidae,Tadarida brasiliensis,13.3,0.117
Chiroptera,Mormoopidae,Mormoops blainvillii,8.6,0.045
Chiroptera,Mormoopidae,Mormoops megalophylla,16.5,0.136
Chiroptera,Mormoopidae,Pteronotus davyi,9.4,0.085
Chiroptera,Mormoopidae,Pteronotus parnellii,19.2,0.171
Chiroptera,Mormoopidae,Pteronotus personatus,14,0.128
Chiroptera,Mormoopidae,Pteronotus quadridens,4.9,0.034
Chiroptera,Natalidae,Natalus tumidirostris,5.4,0.046
Chiroptera,Noctilionidae,Noctilio albiventris,27,0.176
Chiroptera,Noctilionidae,Noctilio leporinus,61,0.4
Chiroptera,Phyllostomidae,Anoura caudifera,11.5,0.238
Chiroptera,Phyllostomidae,Artibeus concolor,19.7,0.222
Chiroptera,Phyllostomidae,Artibeus fimbriatus,63.9,0.435
Chiroptera,Phyllostomidae,Artibeus jamaicensis,46.1,0.359
Chiroptera,Phyllostomidae,Artibeus lituratus,70.1,0.602
Chiroptera,Phyllostomidae,Carollia perspicillata,14.9,0.24
Chiroptera,Phyllostomidae,Chiroderma doriae,19.9,0.173
Chiroptera,Phyllostomidae,Chrotopterus auritus,96.1,0.788
Chiroptera,Phyllostomidae,Desmodus rotundus,29.4,0.194
Chiroptera,Phyllostomidae,Diaemus youngi,36.6,0.208
Chiroptera,Phyllostomidae,Diphylla ecaudata,27.8,0.215
Chiroptera,Phyllostomidae,Erophylla sezekorni,16.1,0.099
Chiroptera,Phyllostomidae,Glossophaga soricina,9.6,0.164
Chiroptera,Phyllostomidae,Leptonycteris curasoae,22,0.245
Chiroptera,Phyllostomidae,Macrotus californicus,11.7,0.082
Chiroptera,Phyllostomidae,Monophyllus redmani,8.7,0.062
Chiroptera,Phyllostomidae,Phyllostomus discolor,33.5,0.267
Chiroptera,Phyllostomidae,Phyllostomus elongatus,35.6,0.216
Chiroptera,Phyllostomidae,Phyllostomus hastatus,84.2,0.559
Chiroptera,Phyllostomidae,Platyrrhinus lineatus,21.9,0.25
Chiroptera,Phyllostomidae,Rhinophylla fischerae,9.5,0.091
Chiroptera,Phyllostomidae,Rhinophylla pumilio,9.5,0.104
Chiroptera,Phyllostomidae,Sturnira lilium,21.4,0.237
Chiroptera,Phyllostomidae,Sturnira tildae,20.5,0.223
Chiroptera,Phyllostomidae,Tonatia bidens,27.4,0.307
Chiroptera,Phyllostomidae,Uroderma bilobatum,16.2,0.176
Chiroptera,Phyllostomidae,Vampyressa pusilla,8.8,0.104
Chiroptera,Pteropodidae,Cynopterus brachyotis,37.2,0.262
Chiroptera,Pteropodidae,Dobsonia minor,80.1,0.504
Chiroptera,Pteropodidae,Dobsonia moluccensis,312.4,1.411
Chiroptera,Pteropodidae,Dobsonia praedatrix,179.5,0.795
Chiroptera,Pteropodidae,Eonycteris spelaea,51.6,0.268
Chiroptera,Pteropodidae,Macroglossus minimus,15.9,0.103
Chiroptera,Pteropodidae,Megaloglossus woermanni,12.4,0.121
Chiroptera,Pteropodidae,Melonycteris melanops,53.3,0.242
Chiroptera,Pteropodidae,Nyctimene albiventer,29.5,0.185
Chiroptera,Pteropodidae,Nyctimene cyclotis,40.4,0.36
Chiroptera,Pteropodidae,Nyctimene major,13.6,0.114
Chiroptera,Pteropodidae,Paranyctimene raptor,22.4,0.152
Chiroptera,Pteropodidae,Pteropus giganteus,562.2,1.622
Chiroptera,Pteropodidae,Pteropus hypomelanus,520.8,1.618
Chiroptera,Pteropodidae,Pteropus poliocephalus,598,1.768
Chiroptera,Pteropodidae,Pteropus pumilus,194.2,0.705
Chiroptera,Pteropodidae,Pteropus rodricensis,254.5,0.753
Chiroptera,Pteropodidae,Pteropus scapulatus,362,1.353
Chiroptera,Pteropodidae,Pteropus vampyrus,1024.3,4.486
Chiroptera,Pteropodidae,Rousettus aegyptiacus,146,0.684
Chiroptera,Pteropodidae,Rousettus amplexicaudatus,91.5,0.582
Chiroptera,Pteropodidae,Syconycteris australis,16.7,0.152
Chiroptera,Rhinolophidae,Hipposideros galeritus,8.5,0.05
Chiroptera,Vespertilionidae,Antrozous pallidus,22,0.104
Chiroptera,Vespertilionidae,Chalinolobus gouldii,17.5,0.141
Chiroptera,Vespertilionidae,Eptesicus fuscus,13.3,0.113
Chiroptera,Vespertilionidae,Histiotus velatus,11.2,0.088
Chiroptera,Vespertilionidae,Miniopterus schreibersi,10.9,0.145
Chiroptera,Vespertilionidae,Myotis lucifugus,5.8,0.051
Chiroptera,Vespertilionidae,Myotis nigricans,3.7,0.027
Chiroptera,Vespertilionidae,Myotis velifer,11.9,0.04
Chiroptera,Vespertilionidae,Myotis vivesi,25,0.199
Chiroptera,Vespertilionidae,Myotis yumanensis,5,0.047
Chiroptera,Vespertilionidae,Nyctophilus geoffroyi,8,0.062
Chiroptera,Vespertilionidae,Plecotus auritus,10.2,0.082
Dasyuromorpha,Caluromyidae,Caluromys derbianus,342.7,1.194
Dasyuromorpha,Dasyuridae,Antechinus flavipes,46.5,0.252
Dasyuromorpha,Dasyuridae,Antechinus stuartii,25,0.189
Dasyuromorpha,Dasyuridae,Antechinus swainsonii,66.9,0.351
Dasyuromorpha,Dasyuridae,Dasycercus byrnei,100,0.439
Dasyuromorpha,Dasyuridae,Dasycercus cristicauda,91,0.26
Dasyuromorpha,Dasyuridae,Dasyurus geoffroii,1326.7,2.991
Dasyuromorpha,Dasyuridae,Dasyurus hallucatus,571,1.501
Dasyuromorpha,Dasyuridae,Dasyurus maculatus,1782,3.142
Dasyuromorpha,Dasyuridae,Dasyurus viverrinus,945.3,2.26
Dasyuromorpha,Dasyuridae,Ningaui yvonnae,11.6,0.088
Dasyuromorpha,Dasyuridae,Phascogale tapoatafa,153.7,0.694
Dasyuromorpha,Dasyuridae,Planigale gilesi,9.1,0.058
Dasyuromorpha,Dasyuridae,Planigale ingrami,8.8,0.065
Dasyuromorpha,Dasyuridae,Planigale maculata,10.6,0.067
Dasyuromorpha,Dasyuridae,Planigale tenuirostris,7.1,0.063
Dasyuromorpha,Dasyuridae,Pseudantechinus macdonnellensis,43.1,0.152
Dasyuromorpha,Dasyuridae,Sarcophilus laniarius,6126.8,8.664
Dasyuromorpha,Dasyuridae,Sminthopsis crassicaudata,16,0.121
Dasyuromorpha,Dasyuridae,Sminthopsis laniger,25.8,0.141
Dasyuromorpha,Dasyuridae,Sminthopsis macroura,20.6,0.128
Dasyuromorpha,Dasyuridae,Sminthopsis murina,15.7,0.117
Dasyuromorpha,Didelphidae,Chironectes minimus,940.5,2.793
Dasyuromorpha,Didelphidae,Didelphis marsupialis,1244.3,3.31
Dasyuromorpha,Didelphidae,Didelphis virginiana,2846.6,5.299
Dasyuromorpha,Didelphidae,Lutreolina crassicaudata,812,2.265
Dasyuromorpha,Didelphidae,Philander opossum,751,1.886
Dasyuromorpha,Marmosidae,Gracilinanus microtarsus,13,0.106
Dasyuromorpha,Marmosidae,Marmosa robinsoni,122,0.547
Dasyuromorpha,Marmosidae,Metachirus nudicaudatus,336,1.144
Dasyuromorpha,Marmosidae,Monodelphis brevicaudata,91.5,0.366
Dasyuromorpha,Marmosidae,Monodelphis domestica,104,0.335
Dasyuromorpha,Myrmecobiidae,Myrmecobius fasciatus,438.2,0.907
Diprotodontia,Acrobatidae,Acrobates pygmaeus,14,0.084
Diprotodontia,Burramyidae,Burramys parvus,44.3,0.205
Diprotodontia,Burramyidae,Cercartetus lepidus,12.6,0.105
Diprotodontia,Burramyidae,Cercartetus nanus,64.8,0.311
Diprotodontia,Macropodidae,Dendrolagus matschiei,6960,7.96
Diprotodontia,Macropodidae,Lagorchestes conspicillatus,2660,4.749
Diprotodontia,Macropodidae,Macropus eugenii,4796,7.78
Diprotodontia,Macropodidae,Macropus robustus,29647.9,33.056
Diprotodontia,Macropodidae,Macropus rufus,28500,31.353
Diprotodontia,Macropodidae,Setonix brachyurus,2702.3,4.695
Diprotodontia,Petauridae,Gymnobelideus leadbeateri,166,0.574
Diprotodontia,Petauridae,Petaurus breviceps,129.3,0.517
Diprotodontia,Phalangeridae,Spilocuscus maculatus,4250,6.27
Diprotodontia,Phalangeridae,Trichosurus vulpecula,1993.5,3.8
Diprotodontia,Phascolarctidae,Phascolarctos cinereus,4732.4,5.744
Diprotodontia,Potoroidae,Aepyprymnus rufescens,2820,5.978
Diprotodontia,Potoroidae,Bettongia gaimardi,1385,3.578
Diprotodontia,Potoroidae,Bettongia penicillata,1018,3.132
Diprotodontia,Potoroidae,Potorous tridactylus,1045.5,2.556
Diprotodontia,Pseudocheiridae,Cercartetus concinnus,18.6,0.125
Diprotodontia,Pseudocheiridae,Petauroides volans,1140.5,3.191
Diprotodontia,Pseudocheiridae,Pseudocheirus peregrinus,859.3,2.27
Diprotodontia,Tarsipedidae,Tarsipes rostratus,10,0.162
Diprotodontia,Vombatidae,Lasiorhinus latifrons,27348.2,16.001
Hyracoidea,Procaviidae,Dendrohyrax dorsalis,2210,4.19
Hyracoidea,Procaviidae,Heterohyrax brucei,1604.4,3.872
Hyracoidea,Procaviidae,Procavia capensis,2458,4.954
Insectivora,Chrysochloridae,Amblysomus hottentotus,70,0.473
Insectivora,Chrysochloridae,Chrysochloris asiatica,36.7,0.243
Insectivora,Chrysochloridae,Eremitalpa granti,22.8,0.069
Insectivora,Erinaceidae,Atelerix albiventris,450,0.828
Insectivora,Erinaceidae,Echinosorex gymnura,721.2,2.816
Insectivora,Erinaceidae,Erinaceus concolor,822.7,1.937
Insectivora,Erinaceidae,Erinaceus europaeus,1213.5,2.434
Insectivora,Erinaceidae,Hemiechinus aethiopicus,451.5,0.63
Insectivora,Erinaceidae,Hemiechinus auritus,398.5,0.845
Insectivora,Erinaceidae,Hylomys suillus,57.8,0.335
Insectivora,Soricidae,Blarina brevicauda,20.9,0.344
Insectivora,Soricidae,Blarina carolinensis,10.2,0.188
Insectivora,Soricidae,Crocidura crossei,9.8,0.121
Insectivora,Soricidae,Crocidura flavescens,33.2,0.248
Insectivora,Soricidae,Crocidura hildegardeae,10.7,0.156
Insectivora,Soricidae,Crocidura leucodon,11.7,0.166
Insectivora,Soricidae,Crocidura luna,12.3,0.144
Insectivora,Soricidae,Crocidura olivieri,38.6,0.323
Insectivora,Soricidae,Crocidura poensis,17.1,0.172
Insectivora,Soricidae,Crocidura russula,10.8,0.143
Insectivora,Soricidae,Crocidura suaveolens,6.9,0.112
Insectivora,Soricidae,Crocidura viaria,15,0.126
Insectivora,Soricidae,Cryptotis parva,6.3,0.164
Insectivora,Soricidae,Neomys anomalus,13.1,0.373
Insectivora,Soricidae,Neomys fodiens,16,0.328
Insectivora,Soricidae,Notiosorex crawfordi,4,0.074
Insectivora,Soricidae,Sorex alpinus,7.8,0.267
Insectivora,Soricidae,Sorex araneus,8.4,0.348
Insectivora,Soricidae,Sorex cinereus,5.2,0.238
Insectivora,Soricidae,Sorex coronatus,9.1,0.29
Insectivora,Soricidae,Sorex minutus,4.1,0.179
Insectivora,Soricidae,Sorex ornatus,9.7,0.292
Insectivora,Soricidae,Sorex vagrans,5.2,0.157
Insectivora,Soricidae,Suncus etruscus,2.4,0.063
Insectivora,Soricidae,Suncus murinus,39.7,0.403
Insectivora,Talpidae,Condylura cristata,49,0.615
Insectivora,Talpidae,Neurotrichus gibbsii,11.8,0.259
Insectivora,Talpidae,Scalopus aquaticus,48,0.378
Insectivora,Talpidae,Scapanus latimanus,61,0.425
Insectivora,Talpidae,Scapanus orarius,61.2,0.358
Insectivora,Talpidae,Scapanus townsendii,130.1,0.607
Insectivora,Tenrecidae,Echinops telfairi,116.4,0.75
Insectivora,Tenrecidae,Geogale aurita,6.9,0.043
Insectivora,Tenrecidae,Hemicentetes semispinosus,116.4,0.38
Insectivora,Tenrecidae,Limnogale mergulus,77.7,0.355
Insectivora,Tenrecidae,Microgale cowani,12.2,0.179
Insectivora,Tenrecidae,Microgale dobsoni,44.6,0.315
Insectivora,Tenrecidae,Microgale talazaci,44,0.243
Insectivora,Tenrecidae,Setifer setosus,427.6,0.573
Insectivora,Tenrecidae,Tenrec ecaudatus,650,0.729
Lagomorpha,Leporidae,Brachylagus idahoensis,432,2.145
Lagomorpha,Leporidae,Lepus alleni,3200.4,9.22
Lagomorpha,Leporidae,Lepus americanus,1603.4,6.708
Lagomorpha,Leporidae,Lepus arcticus,3004.4,6.036
Lagomorpha,Leporidae,Lepus californicus,2300,7.314
Lagomorpha,Leporidae,Lepus timidus,3014.5,8.443
Lagomorpha,Leporidae,Lepus townsendii,2523.2,7.698
Lagomorpha,Leporidae,Oryctolagus cuniculus,2167.9,7.395
Lagomorpha,Leporidae,Sylvilagus audubonii,686.9,2.506
Lagomorpha,Ochotonidae,Ochotona dauurica,127.7,1.389
Lagomorpha,Ochotonidae,Ochotona princeps,109,0.932
Macroscelidae,Macroscelididae,Elephantulus brachyrhynchus,45.3,0.244
Macroscelidae,Macroscelididae,Elephantulus edwardii,49.9,0.303
Macroscelidae,Macroscelididae,Elephantulus intufi,46.5,0.29
Macroscelidae,Macroscelididae,Elephantulus myurus,63,0.387
Macroscelidae,Macroscelididae,Elephantulus rozeti,49,0.288
Macroscelidae,Macroscelididae,Elephantulus rufescens,53,0.317
Macroscelidae,Macroscelididae,Macroscelides proboscideus,39,0.292
Macroscelidae,Macroscelididae,Petrodromus tetradactylus,208,0.852
Monotremata,Ornithorhynchidae,Ornithorhynchus anatinus,1030.3,1.931
Monotremata,Tachyglossidae,Tachyglossus aculeatus,2909,2.327
Monotremata,Tachyglossidae,Zaglossus bruijni,11848.6,6.493
Notoryctomorphia,Notoryctidae,Notoryctes caurinus,34,0.119
Peramelemorphia,Peramelidae,Isoodon auratus,428,0.837
Peramelemorphia,Peramelidae,Isoodon macrourus,1551,3.202
Peramelemorphia,Peramelidae,Isoodon obesulus,717,1.238
Peramelemorphia,Peramelidae,Macrotis lagotis,1245.5,2.4
Peramelemorphia,Peramelidae,Perameles gunnii,837,2.343
Peramelemorphia,Peramelidae,Perameles nasuta,645,1.763
Peramelemorphia,Peroryctidae,Echymipera rufescens,886.6,2.255
Peramelemorphia,Peroryctidae,Perameles gunnii,695,1.902
Perissodactyla,Equidae,Equus asinus,177500,164.92
Pholidota,Manidae,Manis crassicaudata,15910,6.923
Pholidota,Manidae,Manis javanica,4220,6.23
Pholidota,Manidae,Manis pentadactyla,3637.5,3.727
Pholidota,Manidae,Manis tetradactyla,1430,1.278
Pholidota,Manidae,Manis tricuspis,1930.4,2.67
Primates,Callitrichidae,Callithrix jacchus,190,0.848
Primates,Callitrichidae,Callithrix pygmaea,110.7,0.599
Primates,Callitrichidae,Saguinus geoffroyi,225,1.305
Primates,Cebidae,Alouatta palliata,4670,11.464
Primates,Cebidae,Aotus trivirgatus,914.5,2.499
Primates,Cebidae,Saimiri sciureus,836.7,4.429
Primates,Cercopithecidae,Cercopithecus mitis,8648.7,19.276
Primates,Cercopithecidae,Colobus guereza,10623.6,17.037
Primates,Cercopithecidae,Erythrocebus patas,3000,5.958
Primates,Cercopithecidae,Papio hamadryas,12670.8,21.095
Primates,Cheirogaleidae,Cheirogaleus medius,300,1.088
Primates,Hominidae,Homo sapiens sapiens,70000,82.78
Primates,Indriidae,Propithecus verreauxi,3350,3.738
Primates,Lemuridae,Eulemur fulvus,2374.1,4.239
Primates,Lorisidae,Arctocebus calabarensis,206,0.731
Primates,Lorisidae,Euoticus elegantulus,261.5,1.205
Primates,Lorisidae,Galago moholi,170,0.285
Primates,Lorisidae,Galago senegalensis,171.5,0.764
Primates,Lorisidae,Galagoides demidoff,62.4,0.372
Primates,Lorisidae,Loris tardigradus,284,0.714
Primates,Lorisidae,Nycticebus coucang,1128.6,1.504
Primates,Lorisidae,Otolemur crassicaudatus,993.5,2.595
Primates,Lorisidae,Otolemur garnettii,1314,3.927
Primates,Lorisidae,Perodicticus potto,968.6,1.942
Primates,Tarsiidae,Tarsius spectrum,173,0.831
Primates,Tarsiidae,Tarsius syrichta,113,0.43
Proboscidea,Elphantidae,Elephas maximus,3672000,2336.5
Rodentia,Agoutidae,Agouti paca,9156,15.323
Rodentia,Aplodontidae,Aplodontia rufa,706.8,1.892
Rodentia,Bathyergidae,Bathyergus janetta,406,1.201
Rodentia,Bathyergidae,Bathyergus suillus,664.4,1.798
Rodentia,Bathyergidae,Cryptomys bocagei,94,0.388
Rodentia,Bathyergidae,Cryptomys damarensis,131.3,0.418
Rodentia,Bathyergidae,Cryptomys hottentotus,78.9,0.35
Rodentia,Bathyergidae,Cryptomys mechowi,269.5,0.902
Rodentia,Bathyergidae,Georychus capensis,193,0.637
Rodentia,Bathyergidae,Heliophobius argenteocinereus,88.5,0.43
Rodentia,Bathyergidae,Heterocephalus glaber,35.3,0.128
Rodentia,Capromyidae,Capromys pilorides,2630,3.375
Rodentia,Capromyidae,Geocapromys brownii,2456,4.11
Rodentia,Capromyidae,Geocapromys ingrahami,775,1.483
Rodentia,Caviidae,Cavia porcellus,639.1,2.13
Rodentia,Caviidae,Dolichotis salinicola,1613,4.05
Rodentia,Caviidae,Galea musteloides,322,1.473
Rodentia,Caviidae,Kerodon rupestris,801,2.011
Rodentia,Caviidae,Microcavia niata,255,0.98
Rodentia,Chinchillidae,Chinchilla lanigera,436.7,1.31
Rodentia,Chinchillidae,Lagostomus maximus,6794,10.623
Rodentia,Ctenomyidae,Ctenomys australis,340,0.65
Rodentia,Ctenomyidae,Ctenomys fulvus,300,1.054
Rodentia,Ctenomyidae,Ctenomys maulinus,215,1.044
Rodentia,Ctenomyidae,Ctenomys peruanus,490,1.23
Rodentia,Ctenomyidae,Ctenomys talarum,121,0.611
Rodentia,Dasyproctidae,Dasyprocta azarae,3849,10.521
Rodentia,Dasyproctidae,Dasyprocta leporina,2687,8.694
Rodentia,Dasyproctidae,Myoprocta acouchy,914,2.804
Rodentia,Dipodidae,Dipus sagitta?,160,0.676
Rodentia,Dipodidae,Jaculus jaculus,75,0.515
Rodentia,Dipodidae,Jaculus orientalis,139,0.775
Rodentia,Dipodidae,Napaeozapus insignis,21.8,0.22
Rodentia,Dipodidae,Sicista betulina,10,0.179
Rodentia,Dipodidae,Zapus hudsonius,26.1,0.219
Rodentia,Echimyidae,Proechimys semispinosus,498,1.75
Rodentia,Echimyidae,Thrichomys apereoides,323,1.153
Rodentia,Erethizontidae,Coendou prehensilis,3280,5.123
Rodentia,Erethizontidae,Erethizon dorsatum,6871,13.675
Rodentia,Geomyidae,Geomys bursarius,197,0.769
Rodentia,Geomyidae,Geomys pinetis,191.5,0.768
Rodentia,Geomyidae,Thomomys bottae,143,0.67
Rodentia,Geomyidae,Thomomys talpoides,97.6,0.679
Rodentia,Geomyidae,Thomomys umbrinus,90,0.427
Rodentia,Heteromyidae,Chaetodipus baileyi,29.1,0.192
Rodentia,Heteromyidae,Chaetodipus californicus,22,0.119
Rodentia,Heteromyidae,Chaetodipus fallax,19.6,0.15
Rodentia,Heteromyidae,Chaetodipus formosus,15.1,0.103
Rodentia,Heteromyidae,Chaetodipus hispidus,35.6,0.266
Rodentia,Heteromyidae,Chaetodipus intermedius,15.9,0.106
Rodentia,Heteromyidae,Chaetodipus penicillatus,16,0.125
Rodentia,Heteromyidae,Dipodomys agilis,60.6,0.355
Rodentia,Heteromyidae,Dipodomys deserti,105.8,0.517
Rodentia,Heteromyidae,Dipodomys heermanni,63.3,0.408
Rodentia,Heteromyidae,Dipodomys merriami,37.6,0.246
Rodentia,Heteromyidae,Dipodomys microps,54.6,0.335
Rodentia,Heteromyidae,Dipodomys nitratoides,37.8,0.204
Rodentia,Heteromyidae,Dipodomys ordii,47.8,0.339
Rodentia,Heteromyidae,Dipodomys panamintinus,60.4,0.397
Rodentia,Heteromyidae,Heteromys anomalus,69.3,0.561
Rodentia,Heteromyidae,Heteromys desmarestianus,75.8,0.553
Rodentia,Heteromyidae,Liomys irroratus,46.5,0.318
Rodentia,Heteromyidae,Liomys salvini,43.7,0.281
Rodentia,Heteromyidae,Microdipodops megacephalus,11,0.168
Rodentia,Heteromyidae,Microdipodops pallidus,15.2,0.11
Rodentia,Heteromyidae,Perognathus flavus,8.3,0.097
Rodentia,Heteromyidae,Perognathus longimembris,8.5,0.061
Rodentia,Heteromyidae,Perognathus parvus,19.2,0.16
Rodentia,Hydrochaeridae,Hydrochaeris hydrochaeris,26385,36.798
Rodentia,Hystricidae,Hystrix africaeaustralis,11300,13.175
Rodentia,Muridae,Acomys cahirinus,42,0.258
Rodentia,Muridae,Acomys russatus,55.4,0.24
Rodentia,Muridae,Acomys spinosissimus,27,0.246
Rodentia,Muridae,Acomys subspinosus,32.3,0.465
Rodentia,Muridae,Aethomys namaquensis,62.6,0.292
Rodentia,Muridae,Akodon albiventer,31,0.259
Rodentia,Muridae,Akodon azarae,23.7,0.225
Rodentia,Muridae,Akodon lanosus,24,0.254
Rodentia,Muridae,Akodon longipilis,42.3,0.321
Rodentia,Muridae,Akodon olivaceus,27,0.276
Rodentia,Muridae,Alticola argentatus,37.7,0.675
Rodentia,Muridae,Apodemus agrarius,21.2,0.373
Rodentia,Muridae,Apodemus flavicollis,28.3,0.365
Rodentia,Muridae,Apodemus hermonensis,20.6,0.28
Rodentia,Muridae,Apodemus mystacinus,41.3,0.351
Rodentia,Muridae,Apodemus sylvaticus,23.8,0.264
Rodentia,Muridae,Arborimus longicaudus,21.8,0.329
Rodentia,Muridae,Arvicola terrestris,94.7,0.613
Rodentia,Muridae,Auliscomys boliviensis,76.8,0.617
Rodentia,Muridae,Auliscomys micropus,62.3,0.546
Rodentia,Muridae,Baiomys taylori,7.2,0.095
Rodentia,Muridae,Calomys callosus,49.2,0.371
Rodentia,Muridae,Calomys lepidus,16,0.161
Rodentia,Muridae,Calomys musculinus,16.9,0.154
Rodentia,Muridae,Cannomys badius,344,0.96
Rodentia,Muridae,Chionomys nivalis,32.8,0.452
Rodentia,Muridae,Chroeomys andinus,34.7,0.353
Rodentia,Muridae,Clethrionomys californicus,18.3,0.341
Rodentia,Muridae,Clethrionomys gapperi,23.4,0.291
Rodentia,Muridae,Clethrionomys glareolus,21.5,0.312
Rodentia,Muridae,Clethrionomys rufocanus,27.2,0.321
Rodentia,Muridae,Clethrionomys rutilus,28,0.43
Rodentia,Muridae,Conilurus penicillatus,213.2,0.908
Rodentia,Muridae,Cricetomys gambianus,1686.7,6.024
Rodentia,Muridae,Cricetulus migratorius,30.7,0.245
Rodentia,Muridae,Cricetus cricetus,365.3,1.251
Rodentia,Muridae,Desmodillus auricularis,71.9,0.49
Rodentia,Muridae,Dicrostonyx groenlandicus,56.8,0.459
Rodentia,Muridae,Eligmodontia typus,17.5,0.167
Rodentia,Muridae,Euneomys chinchilloides,65.4,0.471
Rodentia,Muridae,Gerbillurus paeba,33.9,0.194
Rodentia,Muridae,Gerbillurus setzeri,46.1,0.206
Rodentia,Muridae,Gerbillurus tytonis,29.9,0.177
Rodentia,Muridae,Gerbillurus vallinus,38.8,0.194
Rodentia,Muridae,Gerbillus allenbyi,35.3,0.217
Rodentia,Muridae,Gerbillus dasyurus,27.6,0.163
Rodentia,Muridae,Gerbillus gerbillus,29.7,0.237
Rodentia,Muridae,Gerbillus nanus,29.7,0.129
Rodentia,Muridae,Gerbillus perpallidus,56.3,0.261
Rodentia,Muridae,Gerbillus pusillus,12.6,0.075
Rodentia,Muridae,Gerbillus pyramidum,108.5,0.454
Rodentia,Muridae,Golunda ellioti,56.2,0.339
Rodentia,Muridae,Graomys griseoflavus,69.4,0.469
Rodentia,Muridae,Hydromys chrysogaster,900,2.97
Rodentia,Muridae,Isthmomys pirrensis,137.9,0.677
Rodentia,Muridae,Lasiopodomys brandtii,40.2,0.428
Rodentia,Muridae,Lemmiscus curtatus,30.3,0.281
Rodentia,Muridae,Lemmus lemmus,80,1.071
Rodentia,Muridae,Lemmus sibiricus,60.8,0.667
Rodentia,Muridae,Lemniscomys griselda,47.5,0.321
Rodentia,Muridae,Lemniscomys rosalia,50.5,0.343
Rodentia,Muridae,Malacothrix typica,21.7,0.115
Rodentia,Muridae,Mastomys natalensis,41.5,0.183
Rodentia,Muridae,Megadontomys thomasi,110.8,0.692
Rodentia,Muridae,Meriones hurrianae,70.6,0.301
Rodentia,Muridae,Meriones tristrami,112,0.55
Rodentia,Muridae,Meriones unguiculatus,64.8,0.546
Rodentia,Muridae,Mesocricetus auratus,108.2,0.69
Rodentia,Muridae,Micromys minutus,7.6,0.201
Rodentia,Muridae,Microtus agrestis,25,0.367
Rodentia,Muridae,Microtus arvalis,21.9,0.343
Rodentia,Muridae,Microtus breweri,53.1,0.412
Rodentia,Muridae,Microtus californicus,44,0.38
Rodentia,Muridae,Microtus guentheri,43.8,0.447
Rodentia,Muridae,Microtus longicaudus,32.5,0.383
Rodentia,Muridae,Microtus mexicanus,28.4,0.261
Rodentia,Muridae,Microtus montanus,32.9,0.46
Rodentia,Muridae,Microtus ochrogaster,48.2,0.41
Rodentia,Muridae,Microtus oeconomus,32.8,0.566
Rodentia,Muridae,Microtus pennsylvanicus,38.2,0.428
Rodentia,Muridae,Microtus pinetorum,24.8,0.305
Rodentia,Muridae,Microtus richardsoni,64.5,0.701
Rodentia,Muridae,Microtus subterraneus,17.8,0.276
Rodentia,Muridae,Microtus townsendii,52.2,0.504
Rodentia,Muridae,Microtus xanthognathus,68.5,0.55
Rodentia,Muridae,Millardia meltada,67.4,0.327
Rodentia,Muridae,Mus minutoides,8,0.129
Rodentia,Muridae,Mus musculus,18,0.271
Rodentia,Muridae,Mus spretus,21.8,0.345
Rodentia,Muridae,Myopus schisticolor,26.4,0.522
Rodentia,Muridae,Mystromys albicaudatus,93.8,0.707
Rodentia,Muridae,Nannospalax ehrenbergi,133.8,0.585
Rodentia,Muridae,Nannospalax leucodon,183.3,0.76
Rodentia,Muridae,Neofiber alleni,258.1,1.209
Rodentia,Muridae,Neotoma albigula,177.6,0.735
Rodentia,Muridae,Neotoma cinerea,256.5,1.152
Rodentia,Muridae,Neotoma fuscipes,187,0.824
Rodentia,Muridae,Neotoma lepida,112.5,0.46
Rodentia,Muridae,Notomys alexis,32.3,0.252
Rodentia,Muridae,Notomys cervinus,33.7,0.239
Rodentia,Muridae,Ochrotomys nuttalli,19.5,0.151
Rodentia,Muridae,Oligoryzomys longicaudatus,28.2,0.285
Rodentia,Muridae,Ondatra zibethicus,976.3,4.363
Rodentia,Muridae,Onychomys torridus,19.1,0.165
Rodentia,Muridae,Otomys irroratus,102,0.474
Rodentia,Muridae,Otomys sloggetti,113.3,0.746
Rodentia,Muridae,Otomys unisulcatus,96,0.595
Rodentia,Muridae,Oxymycterus roberti,83.5,0.508
Rodentia,Muridae,Parotomys brantsii,86.5,0.468
Rodentia,Muridae,Peromyscus boylii,23.2,0.303
Rodentia,Muridae,Peromyscus californicus,47,0.267
Rodentia,Muridae,Peromyscus crinitus,20.5,0.162
Rodentia,Muridae,Peromyscus eremicus,21,0.173
Rodentia,Muridae,Peromyscus gossypinus,21.5,0.206
Rodentia,Muridae,Peromyscus leucopus,22.3,0.213
Rodentia,Muridae,Peromyscus maniculatus,20.5,0.219
Rodentia,Muridae,Peromyscus megalops,66.1,0.511
Rodentia,Muridae,Peromyscus oreas,24.6,0.243
Rodentia,Muridae,Peromyscus polionotus,12,0.12
Rodentia,Muridae,Peromyscus sitkensis,28.3,0.261
Rodentia,Muridae,Peromyscus truei,33.1,0.307
Rodentia,Muridae,Petromyscus collinus,20.4,0.115
Rodentia,Muridae,Phenacomys intermedius,21.5,0.375
Rodentia,Muridae,Phodopus sungorus,31.3,0.313
Rodentia,Muridae,Phyllotis darwini,47,0.333
Rodentia,Muridae,Phyllotis magister,62.8,0.385
Rodentia,Muridae,Phyllotis xanthopygus,55,0.316
Rodentia,Muridae,Podomys floridanus,30.8,0.288
Rodentia,Muridae,Pseudomys gracilicaudatus,79.8,0.467
Rodentia,Muridae,Pseudomys hermannsburgensis,12.2,0.13
Rodentia,Muridae,Rattus colletti,165.7,0.686
Rodentia,Muridae,Rattus fuscipes,76,0.471
Rodentia,Muridae,Rattus lutreolus,109,0.353
Rodentia,Muridae,Rattus norvegicus,206.9,1.404
Rodentia,Muridae,Rattus rattus,117,0.77
Rodentia,Muridae,Rattus sordidus,187,0.595
Rodentia,Muridae,Rattus villosissimus,215.3,0.69
Rodentia,Muridae,Reithrodon auritus,78.7,0.428
Rodentia,Muridae,Reithrodontomys megalotis,9,0.13
Rodentia,Muridae,Rhabdomys pumilio,39.6,0.179
Rodentia,Muridae,Saccostomus campestris,68.1,0.274
Rodentia,Muridae,Scotinomys teguina,12,0.174
Rodentia,Muridae,Scotinomys xerampelinus,15.2,0.178
Rodentia,Muridae,Sekeetamys calurus,63.6,0.274
Rodentia,Muridae,Sigmodon alleni,137.8,1.134
Rodentia,Muridae,Sigmodon fulviventer,137.8,1.157
Rodentia,Muridae,Sigmodon hispidus,159.6,1.085
Rodentia,Muridae,Sigmodon leucotis,128.6,1.04
Rodentia,Muridae,Sigmodon ochrognathus,115.1,0.86
Rodentia,Muridae,Steatomys pratensis,37.5,0.105
Rodentia,Muridae,Stochomys longicaudatus,83.3,0.547
Rodentia,Muridae,Tachyoryctes splendens,197,0.856
Rodentia,Muridae,Tatera afra,106.5,1.016
Rodentia,Muridae,Tatera indica,86.9,0.422
Rodentia,Muridae,Tatera leucogaster,145.2,0.752
Rodentia,Muridae,Thallomys nigricauda,124.7,0.382
Rodentia,Muridae,Thallomys paedulcus,132.4,0.487
Rodentia,Muridae,Uromys caudimaculatus,812,3.184
Rodentia,Myoxidae,Graphiurus murinus,38.4,0.225
Rodentia,Myoxidae,Graphiurus ocularis,67.8,0.37
Rodentia,Myoxidae,Muscardinus avellanarius,23.5,0.351
Rodentia,Myoxidae,Myoxus glis,174.4,0.664
Rodentia,Octodontidae,Aconaemys fuscus,112,0.675
Rodentia,Octodontidae,Octodon bridgesi,176.1,1.023
Rodentia,Octodontidae,Octodon degus,199.6,0.958
Rodentia,Octodontidae,Octodon lunatus,173.2,0.957
Rodentia,Octodontidae,Octodontomys gliroides,154.1,0.715
Rodentia,Octodontidae,Octomys mimax,118.6,0.642
Rodentia,Octodontidae,Spalacopus cyanus,126.2,0.561
Rodentia,Octodontidae,Tympanoctomys barrerae,71.4,0.43
Rodentia,Peditidae,Pedetes capensis,2300,4.427
Rodentia,Sciuridae,Ammospermophilus leucurus,94.1,0.511
Rodentia,Sciuridae,Cynomys ludovicianus,1112.3,2.358
Rodentia,Sciuridae,Epixerus wilsoni,460,1.347
Rodentia,Sciuridae,Funisciurus anerythrus,63,0.58
Rodentia,Sciuridae,Funisciurus congicus,112.3,0.533
Rodentia,Sciuridae,Funisciurus isabella,60,0.57
Rodentia,Sciuridae,Funisciurus lemniscatus,95,0.5
Rodentia,Sciuridae,Funisciurus pyrrhopus,244,1.011
Rodentia,Sciuridae,Glaucomys volans,67.4,0.414
Rodentia,Sciuridae,Heliosciurus rufobrachium,230,0.744
Rodentia,Sciuridae,Marmota flaviventris,4295,8.626
Rodentia,Sciuridae,Marmota monax,2650,3.696
Rodentia,Sciuridae,Paraxerus cepapi,223.6,0.811
Rodentia,Sciuridae,Paraxerus palliatus,274.8,1.191
Rodentia,Sciuridae,Sciurus aberti,624,2.402
Rodentia,Sciuridae,Sciurus carolinensis,440,2.062
Rodentia,Sciuridae,Spermophilus armatus,313.2,0.915
Rodentia,Sciuridae,Spermophilus beecheyi,599.6,1.773
Rodentia,Sciuridae,Spermophilus beldingi,293.7,0.796
Rodentia,Sciuridae,Spermophilus citellus,240,1.272
Rodentia,Sciuridae,Spermophilus franklinii,607,2.19
Rodentia,Sciuridae,Spermophilus lateralis,249.6,0.967
Rodentia,Sciuridae,Spermophilus mohavensis,240,0.629
Rodentia,Sciuridae,Spermophilus parryii,650,2.901
Rodentia,Sciuridae,Spermophilus richardsonii,266.3,0.788
Rodentia,Sciuridae,Spermophilus saturatus,256.6,0.849
Rodentia,Sciuridae,Spermophilus spilosoma,170.4,0.543
Rodentia,Sciuridae,Spermophilus tereticaudus,125.1,0.501
Rodentia,Sciuridae,Spermophilus townsendii,224,0.634
Rodentia,Sciuridae,Spermophilus tridecemlineatus,198.4,0.983
Rodentia,Sciuridae,Spermophilus undulatus,698,3.601
Rodentia,Sciuridae,Tamias alpinus,39,0.322
Rodentia,Sciuridae,Tamias amoenus,55.7,0.5
Rodentia,Sciuridae,Tamias merriami,76.9,0.459
Rodentia,Sciuridae,Tamias minimus,49.3,0.349
Rodentia,Sciuridae,Tamias palmeri,69.4,0.631
Rodentia,Sciuridae,Tamias striatus,89.6,0.813
Rodentia,Sciuridae,Tamiasciurus hudsonicus,219.6,1.615
Rodentia,Sciuridae,Xerus inauris,528.5,1.775
Rodentia,Sciuridae,Xerus princeps,614.4,1.936
Scandentia,Tupaiidae,Ptilocercus lowii,57.5,0.24
Scandentia,Tupaiidae,Tupaia glis,123,0.522
Scandentia,Tupaiidae,Urogale everetti,260.6,1.25
Sirenia,Trichechidae,Trichechus inunguis,167594.5,55.015
Tubulidentata,Orycteropodidae,Orycteropus afer,48000,34.275
Xenarthra,Bradypodidae,Bradypus variegatus,3790,3.827
Xenarthra,Dasypodidae,Cabassous centralis,4061.7,4.812
Xenarthra,Dasypodidae,Chaetophractus nationi,2150,3.118
Xenarthra,Dasypodidae,Chaetophractus vellerosus,1110,1.707
Xenarthra,Dasypodidae,Chaetophractus villosus,4540,4.508
Xenarthra,Dasypodidae,Dasypus novemcinctus,3413.7,4.655
Xenarthra,Dasypodidae,Euphractus sexcinctus,8190,6.901
Xenarthra,Dasypodidae,Priodontes maximus,45190,16.892
Xenarthra,Dasypodidae,Tolypeutes matacus,1160,1.172
Xenarthra,Dasypodidae,Zaedyus pichiy,1740,2.192
Xenarthra,Megalonychidae,Choloepus hoffmanni,4005.2,3.891
Xenarthra,Myrmecophagidae,Cyclopes didactylus,240,0.636
Xenarthra,Myrmecophagidae,Myrmecophaga tridactyla,30600,14.543
Xenarthra,Myrmecophagidae,Tamandua mexicana,3884.2,5.124
Xenarthra,Myrmecophagidae,Tamandua tetradactyla,3500,5.015
